epoch,prompt_id,reward,loss,kappa_hat,confidence_before,confidence_after,confidence_delta,converged,cumulative_reward,rolling_reward_50,rolling_loss_50,alpha,beta,posterior_mean
1,dependency_heavy,0.340813,0.11625,13.815512,7.0,7.07,0.07,0,0.340813,0.340813,0.11625,1.670406,1.329594,0.556802
2,low_external_context,0.300125,0.2325,13.815512,6.0,6.14,0.14,0,0.640937,0.320469,0.174375,1.650062,1.349938,0.550021
3,low_external_context,0.309083,0.213682,13.815512,6.14,6.29054,0.15054,0,0.95002,0.316673,0.187477,2.304604,1.695396,0.576151
4,low_external_context,0.332736,0.199119,13.815512,6.29054,6.407047,0.116507,0,1.282756,0.320689,0.190388,2.970972,2.029028,0.594194
5,dependency_heavy,0.365733,0.101966,14.508658,7.07,7.18427,0.11427,0,1.64849,0.329698,0.172704,2.353273,1.646727,0.588318
6,low_external_context,0.340481,0.183886,13.815512,6.407047,6.528916,0.121869,0,1.988971,0.331495,0.174567,3.641212,2.358788,0.606869
7,dependency_heavy,0.352862,0.092207,13.815512,7.18427,7.262346,0.078076,0,2.341833,0.334548,0.162801,3.029704,1.970296,0.605941
8,dependency_heavy,0.358052,0.081998,13.815512,7.262346,7.344016,0.08167,0,2.699885,0.337486,0.152701,3.70873,2.29127,0.618122
9,missing_acceptance_criteria,0.340813,0.11625,13.815512,7.0,7.07,0.07,0,3.040697,0.337855,0.148651,1.670406,1.329594,0.556802
10,missing_acceptance_criteria,0.365733,0.101966,14.508658,7.07,7.18427,0.11427,0,3.406431,0.340643,0.143982,2.353273,1.646727,0.588318
11,missing_acceptance_criteria,0.374093,0.086832,14.508658,7.18427,7.305346,0.121076,0,3.780524,0.343684,0.138787,3.04032,1.95968,0.608064
12,low_external_context,0.373046,0.161757,14.508658,6.528916,6.705941,0.177025,0,4.15357,0.346131,0.140701,4.327736,2.672264,0.618248
13,dependency_heavy,0.388182,0.065066,14.508658,7.344016,7.479471,0.135455,0,4.541752,0.349366,0.134883,4.402821,2.597179,0.628974
14,missing_acceptance_criteria,0.353646,0.071001,13.815512,7.305346,7.431995,0.126649,0,4.895398,0.349671,0.13032,3.717142,2.282858,0.619524
15,dependency_heavy,0.368519,0.054612,13.815512,7.479471,7.5631,0.083629,0,5.263916,0.350928,0.125273,5.08708,2.91292,0.635885
16,dependency_heavy,0.401876,0.03664,14.508658,7.5631,7.706877,0.143777,0,5.665792,0.354112,0.119733,5.788018,3.211982,0.643113
17,dependency_heavy,0.3774,0.026457,13.815512,7.706877,7.788344,0.081467,0,6.043192,0.355482,0.114246,6.476718,3.523282,0.647672
18,missing_acceptance_criteria,0.389815,0.05463,14.508658,7.431995,7.562963,0.130968,0,6.433007,0.357389,0.110934,4.41205,2.58795,0.630293
19,low_external_context,0.342075,0.139111,13.815512,6.705941,6.887114,0.181173,0,6.775083,0.356583,0.112417,4.998773,3.001227,0.624847
20,low_external_context,0.362862,0.123528,13.815512,6.887114,7.011774,0.12466,0,7.137945,0.356897,0.112973,5.680204,3.319796,0.631134
21,low_external_context,0.35736,0.099996,13.815512,7.011774,7.200033,0.188258,0,7.495304,0.356919,0.112355,6.358884,3.641116,0.635888
22,dependency_heavy,0.413904,0.007934,14.508658,7.788344,7.936525,0.148181,0,7.909209,0.359509,0.107609,7.18367,3.81633,0.653061
23,low_external_context,0.365418,0.076546,13.815512,7.200033,7.38763,0.187598,0,8.274627,0.359766,0.106258,7.041593,3.958407,0.640145
24,dependency_heavy,0.583978,0.0,13.815512,7.936525,8.012032,0.075507,1,8.858605,0.369109,0.101831,7.975659,4.024341,0.664638
25,dependency_heavy,0.583344,0.0,13.815512,8.012032,8.086129,0.074098,1,9.441949,0.377678,0.097757,8.767331,4.232669,0.67441
26,low_external_context,0.373056,0.053361,13.815512,7.38763,7.573109,0.185478,0,9.815005,0.3775,0.09605,7.728121,4.271879,0.64401
27,missing_acceptance_criteria,0.39706,0.037875,14.508658,7.562963,7.697,0.134037,0,10.212066,0.378225,0.093895,5.11058,2.88942,0.638823
28,low_external_context,0.380241,0.030609,13.815512,7.573109,7.755126,0.182017,0,10.592306,0.378297,0.091635,8.418242,4.581758,0.647557
29,dependency_heavy,0.582488,0.0,13.815512,8.086129,8.158325,0.072196,1,11.174794,0.385338,0.088475,9.558575,4.441425,0.682755
30,low_external_context,0.426851,0.008441,14.508658,7.755126,7.932471,0.177345,0,11.601645,0.386722,0.085807,9.131667,4.868333,0.652262
31,dependency_heavy,0.581437,0.0,13.815512,8.158325,8.228184,0.069859,1,12.183082,0.393003,0.083039,10.349293,4.650707,0.689953
32,dependency_heavy,0.619367,0.0,14.508658,8.228184,8.382332,0.154148,1,12.802448,0.400077,0.080444,11.158977,4.841023,0.697436
33,dependency_heavy,0.575293,0.0,13.815512,8.382332,8.43854,0.056208,1,13.377742,0.405386,0.078007,11.946624,5.053376,0.702743
34,dependency_heavy,0.574002,0.0,13.815512,8.43854,8.491879,0.053339,1,13.951744,0.410345,0.075712,12.733625,5.266375,0.707424
35,missing_acceptance_criteria,0.374702,0.028265,13.815512,7.697,7.773877,0.076877,0,14.326446,0.409327,0.074357,5.797931,3.202069,0.644215
36,low_external_context,0.588611,0.0,13.815512,7.932471,8.104076,0.171605,1,14.915057,0.414307,0.072291,9.925973,5.074027,0.661732
37,dependency_heavy,0.572637,0.0,13.815512,8.491879,8.542183,0.050304,1,15.487694,0.418586,0.070337,13.519943,5.480057,0.711576
38,low_external_context,0.587113,0.0,13.815512,8.104076,8.269021,0.164945,1,16.074807,0.423021,0.068487,10.719529,5.280471,0.669971
39,dependency_heavy,0.61757,0.0,14.508658,8.542183,8.692338,0.150155,1,16.692377,0.42801,0.06673,14.328728,5.671272,0.716436
40,dependency_heavy,0.612964,0.0,14.508658,8.692338,8.832258,0.13992,1,17.30534,0.432634,0.065062,15.13521,5.86479,0.720724
41,low_external_context,0.579934,0.0,13.815512,8.269021,8.33554,0.066519,1,17.885274,0.436226,0.063475,11.509496,5.490504,0.677029
42,low_external_context,0.585578,0.0,13.815512,8.33554,8.493664,0.158124,1,18.470852,0.439782,0.061964,12.302285,5.697715,0.68346
43,dependency_heavy,0.558379,0.0,13.815512,8.832258,8.850877,0.018619,1,19.029231,0.44254,0.060523,15.914399,6.085601,0.723382
44,dependency_heavy,0.557717,0.0,13.815512,8.850877,8.868026,0.017149,1,19.586948,0.445158,0.059147,16.693258,6.306742,0.725794
45,dependency_heavy,0.557067,0.0,13.815512,8.868026,8.883731,0.015705,1,20.144015,0.447645,0.057833,17.471792,6.528208,0.727991
46,dependency_heavy,0.611785,0.0,14.508658,8.883731,9.021032,0.137301,1,20.7558,0.451213,0.056576,18.277684,6.722316,0.731107
47,low_external_context,0.617107,0.0,14.508658,8.493664,8.642791,0.149127,1,21.372908,0.454743,0.055372,13.110838,5.889162,0.690044
48,dependency_heavy,0.55,0.0,0.0,9.021032,9.0,0.0,1,21.922908,0.456727,0.054218,19.052684,6.947316,0.732796
49,low_external_context,0.612907,0.0,14.508658,8.642791,8.782584,0.139793,1,22.535814,0.459915,0.053112,13.917292,6.082708,0.695865
50,missing_acceptance_criteria,0.377798,0.010735,13.815512,7.773877,7.914123,0.140246,0,22.913612,0.458272,0.052264,6.48683,3.51317,0.648683
51,low_external_context,0.579309,0.0,13.815512,8.782584,8.912847,0.130264,1,23.492922,0.463042,0.049939,14.706946,6.293054,0.700331
52,dependency_heavy,0.55,0.0,13.815512,9.0,9.0,0.0,1,24.042922,0.46804,0.045289,19.827684,7.172316,0.734359
53,low_external_context,0.577152,0.0,13.815512,8.912847,9.033521,0.120674,1,24.620073,0.473401,0.041016,15.495522,6.504478,0.704342
54,dependency_heavy,0.55,0.0,13.815512,9.0,9.0,0.0,1,25.170073,0.477746,0.037033,20.602684,7.397316,0.73581
55,low_external_context,0.575008,0.0,13.815512,9.033521,9.144666,0.111145,1,25.745081,0.481932,0.034994,16.283026,6.716974,0.707958
56,dependency_heavy,0.55,0.0,13.815512,9.0,9.0,0.0,1,26.295081,0.486122,0.031316,21.377684,7.622316,0.737162
57,dependency_heavy,0.55,0.0,13.815512,9.0,9.0,0.0,1,26.845081,0.490065,0.029472,22.152684,7.847316,0.738423
58,missing_acceptance_criteria,0.612889,0.0,14.508658,7.914123,8.053877,0.139754,1,27.45797,0.495162,0.027832,7.293275,3.706725,0.663025
59,dependency_heavy,0.55,0.0,13.815512,9.0,9.0,0.0,1,28.00797,0.499345,0.025507,22.927684,8.072316,0.739603
60,dependency_heavy,0.61795,0.0,14.508658,9.0,9.151,0.151,1,28.62592,0.50439,0.023468,23.736659,8.263341,0.741771
61,dependency_heavy,0.55,0.0,0.0,9.151,9.0,0.0,1,29.17592,0.507908,0.021731,24.511659,8.488341,0.742778
62,missing_acceptance_criteria,0.612179,0.0,14.508658,8.053877,8.192052,0.138175,1,29.788099,0.512691,0.018496,8.099364,3.900636,0.674947
63,low_external_context,0.55,0.0,0.0,9.144666,9.0,0.0,1,30.338099,0.515927,0.017195,17.058026,6.941974,0.710751
64,missing_acceptance_criteria,0.611018,0.0,14.508658,8.192052,8.327648,0.135596,1,30.949117,0.521074,0.015775,8.904873,4.095127,0.68499
65,dependency_heavy,0.55,0.0,13.815512,9.0,9.0,0.0,1,31.499117,0.524704,0.014683,25.286659,8.713341,0.743725
66,low_external_context,0.577675,0.0,13.815512,9.0,9.123,0.123,1,32.076792,0.52822,0.01395,17.846863,7.153137,0.713875
67,dependency_heavy,0.62335,0.0,14.508658,9.0,9.163,0.163,1,32.700142,0.533139,0.013421,26.098334,8.901666,0.745667
68,dependency_heavy,0.612901,0.0,14.508658,9.163,9.302779,0.139779,1,33.313043,0.537601,0.012328,26.904785,9.095215,0.747355
69,dependency_heavy,0.55,0.0,0.0,9.302779,9.0,0.0,1,33.863043,0.541759,0.009546,27.679785,9.320215,0.748102
70,low_external_context,0.55,0.0,0.0,9.123,9.0,0.0,1,34.413043,0.545502,0.007075,18.621863,7.378137,0.716226
71,dependency_heavy,0.55,0.0,13.815512,9.0,9.0,0.0,1,34.963043,0.549355,0.005075,28.454785,9.545215,0.74881
72,dependency_heavy,0.55,0.0,13.815512,9.0,9.0,0.0,1,35.513043,0.552077,0.004917,29.229785,9.770215,0.749482
73,low_external_context,0.579475,0.0,13.815512,9.0,9.131,0.131,1,36.092518,0.556358,0.003386,19.411601,7.588399,0.718948
74,dependency_heavy,0.55,0.0,13.815512,9.0,9.0,0.0,1,36.642518,0.555678,0.003386,30.004785,9.995215,0.75012
75,dependency_heavy,0.63415,0.0,14.508658,9.0,9.187,0.187,1,37.276668,0.556694,0.003386,30.82186,10.17814,0.751753
76,dependency_heavy,0.619877,0.0,14.508658,9.187,9.342283,0.155283,1,37.896545,0.561631,0.002319,31.631798,10.368202,0.753138
77,low_external_context,0.602792,0.0,14.508658,9.131,9.248315,0.117315,1,38.499337,0.565745,0.001561,20.212997,7.787003,0.721893
78,low_external_context,0.597018,0.0,14.508658,9.248315,9.352799,0.104484,1,39.096355,0.570081,0.000949,21.011506,7.988494,0.724535
79,dependency_heavy,0.607715,0.0,14.508658,9.342283,9.470538,0.128255,1,39.704069,0.570586,0.000949,32.435656,10.564344,0.754318
80,low_external_context,0.591647,0.0,14.508658,9.352799,9.445349,0.09255,1,40.295717,0.573881,0.00078,21.807329,8.192671,0.726911
81,dependency_heavy,0.55,0.0,0.0,9.470538,9.0,0.0,1,40.845717,0.573253,0.00078,33.210656,10.789344,0.754788
82,dependency_heavy,0.55,0.0,13.815512,9.0,9.0,0.0,1,41.395717,0.571865,0.00078,33.985656,11.014344,0.755237
83,missing_acceptance_criteria,0.609452,0.0,14.508658,8.327648,8.459764,0.132116,1,42.005169,0.572549,0.00078,9.709599,4.290401,0.693543
84,missing_acceptance_criteria,0.607528,0.0,14.508658,8.459764,8.587603,0.12784,1,42.612697,0.573219,0.00078,10.513363,4.486637,0.700891
85,dependency_heavy,0.64315,0.0,14.508658,9.0,9.207,0.207,1,43.255847,0.578588,0.000215,34.807231,11.192769,0.756679
86,dependency_heavy,0.625295,0.0,14.508658,9.207,9.374323,0.167323,1,43.881142,0.579322,0.000215,35.619878,11.380122,0.75787
87,dependency_heavy,0.55,0.0,0.0,9.374323,9.0,0.0,1,44.431142,0.578869,0.000215,36.394878,11.605122,0.758227
88,low_external_context,0.568345,0.0,13.815512,9.445349,9.526883,0.081534,1,44.999487,0.578494,0.000215,22.591502,8.408498,0.728758
89,low_external_context,0.55,0.0,0.0,9.526883,9.0,0.0,1,45.549487,0.577142,0.000215,23.366502,8.633498,0.730203
90,dependency_heavy,0.64855,0.0,14.508658,9.0,9.219,0.219,1,46.198037,0.577854,0.000215,37.219153,11.780847,0.759575
91,dependency_heavy,0.627319,0.0,14.508658,9.219,9.39082,0.17182,1,46.825356,0.578802,0.000215,38.032813,11.967187,0.760656
92,low_external_context,0.584875,0.0,13.815512,9.0,9.155,0.155,1,47.410231,0.578788,0.000215,24.15894,8.84106,0.732089
93,dependency_heavy,0.55,0.0,0.0,9.39082,9.0,0.0,1,47.960231,0.57862,0.000215,38.807813,12.192187,0.760938
94,dependency_heavy,0.55,0.0,13.815512,9.0,9.0,0.0,1,48.510231,0.578466,0.000215,39.582813,12.417187,0.761208
95,low_external_context,0.55,0.0,0.0,9.155,9.0,0.0,1,49.060231,0.578324,0.000215,24.93394,9.06606,0.733351
96,missing_acceptance_criteria,0.605295,0.0,14.508658,8.587603,8.710482,0.122879,1,49.665526,0.578195,0.000215,11.316011,4.683989,0.707251
97,dependency_heavy,0.55,0.0,13.815512,9.0,9.0,0.0,1,50.215526,0.576852,0.000215,40.357813,12.642187,0.761468
98,low_external_context,0.55,0.0,13.815512,9.0,9.0,0.0,1,50.765526,0.576852,0.000215,25.70894,9.29106,0.734541
99,missing_acceptance_criteria,0.561856,0.0,13.815512,8.710482,8.736828,0.026346,1,51.327382,0.575831,0.000215,12.096939,4.903061,0.711585
100,low_external_context,0.55,0.0,13.815512,9.0,9.0,0.0,1,51.877382,0.579275,0.0,26.48394,9.51606,0.735665
101,dependency_heavy,0.55,0.0,13.815512,9.0,9.0,0.0,1,52.427382,0.578689,0.0,41.132813,12.867187,0.761719
102,missing_acceptance_criteria,0.561251,0.0,14.508658,8.736828,8.761829,0.025001,1,52.988633,0.578914,0.0,12.877564,5.122436,0.71542
103,dependency_heavy,0.55,0.0,13.815512,9.0,9.0,0.0,1,53.538633,0.578371,0.0,41.907813,13.092187,0.76196
104,low_external_context,0.55,0.0,13.815512,9.0,9.0,0.0,1,54.088633,0.578371,0.0,27.25894,9.74106,0.736728
105,dependency_heavy,0.649,0.0,14.508658,9.0,9.22,0.22,1,54.737633,0.579851,0.0,42.732313,13.267687,0.763077
106,dependency_heavy,0.62722,0.0,14.508658,9.22,9.3916,0.1716,1,55.364853,0.581395,0.0,43.545923,13.454077,0.763964
107,dependency_heavy,0.55,0.0,0.0,9.3916,9.0,0.0,1,55.914853,0.581395,0.0,44.320923,13.679077,0.764154
108,dependency_heavy,0.55,0.0,13.815512,9.0,9.0,0.0,1,56.464853,0.580138,0.0,45.095923,13.904077,0.764338
109,low_external_context,0.589375,0.0,13.815512,9.0,9.175,0.175,1,57.054228,0.580925,0.0,28.053627,9.946373,0.738253
110,dependency_heavy,0.55,0.0,13.815512,9.0,9.0,0.0,1,57.604228,0.579566,0.0,45.870923,14.129077,0.764515
111,dependency_heavy,0.649,0.0,14.508658,9.0,9.22,0.22,1,58.253228,0.581546,0.0,46.695423,14.304577,0.765499
112,low_external_context,0.583227,0.0,13.815512,9.175,9.322675,0.147675,1,58.836455,0.580967,0.0,28.84524,10.15476,0.739622
113,low_external_context,0.55,0.0,0.0,9.322675,9.0,0.0,1,59.386455,0.580967,0.0,29.62024,10.37976,0.740506
114,dependency_heavy,0.55,0.0,0.0,9.22,9.0,0.0,1,59.936455,0.579747,0.0,47.470423,14.529577,0.765652
115,dependency_heavy,0.55,0.0,13.815512,9.0,9.0,0.0,1,60.486455,0.579747,0.0,48.245423,14.754577,0.7658
116,dependency_heavy,0.55,0.0,13.815512,9.0,9.0,0.0,1,61.036455,0.579193,0.0,49.020423,14.979577,0.765944
117,dependency_heavy,0.55,0.0,13.815512,9.0,9.0,0.0,1,61.586455,0.577726,0.0,49.795423,15.204577,0.766083
118,dependency_heavy,0.55,0.0,13.815512,9.0,9.0,0.0,1,62.136455,0.576468,0.0,50.570423,15.429577,0.766219
119,low_external_context,0.592075,0.0,13.815512,9.0,9.187,0.187,1,62.72853,0.57731,0.0,30.416278,10.583722,0.74186
120,low_external_context,0.584939,0.0,13.815512,9.187,9.342283,0.155283,1,63.313468,0.578009,0.0,31.208747,10.791253,0.743065
121,dependency_heavy,0.55,0.0,13.815512,9.0,9.0,0.0,1,63.863468,0.578009,0.0,51.345423,15.654577,0.76635
122,dependency_heavy,0.649,0.0,14.508658,9.0,9.22,0.22,1,64.512468,0.579989,0.0,52.169923,15.830077,0.767205
123,missing_acceptance_criteria,0.605161,0.0,14.508658,8.761829,8.884408,0.122579,1,65.117629,0.580502,0.0,13.680144,5.319856,0.720008
124,low_external_context,0.578857,0.0,13.815512,9.342283,9.470538,0.128255,1,65.696486,0.581079,0.0,31.998176,11.001824,0.744144
125,low_external_context,0.597413,0.0,14.508658,9.470538,9.575901,0.105363,1,66.2939,0.580345,0.0,32.796883,11.203117,0.745384
126,dependency_heavy,0.55,0.0,0.0,9.22,9.0,0.0,1,66.8439,0.578947,0.0,52.944923,16.055077,0.767318
127,dependency_heavy,0.55,0.0,13.815512,9.0,9.0,0.0,1,67.3939,0.577891,0.0,53.719923,16.280077,0.767427
128,missing_acceptance_criteria,0.575854,0.0,14.914123,8.884408,8.999314,0.114906,1,67.969753,0.577468,0.0,14.468071,5.531929,0.723404
129,missing_acceptance_criteria,0.598183,0.0,14.508658,8.999314,9.106387,0.107073,1,68.567936,0.577277,0.0,15.267163,5.732837,0.727008
130,dependency_heavy,0.649,0.0,14.508658,9.0,9.22,0.22,1,69.216936,0.578424,0.0,54.544423,16.455577,0.768231
131,missing_acceptance_criteria,0.55,0.0,0.0,9.106387,9.0,0.0,1,69.766936,0.578424,0.0,16.042163,5.957837,0.729189
132,dependency_heavy,0.55,0.0,0.0,9.22,9.0,0.0,1,70.316936,0.578424,0.0,55.319423,16.680577,0.768325
133,low_external_context,0.569371,0.0,13.815512,9.575901,9.661993,0.086092,1,70.886307,0.577623,0.0,33.581568,11.418432,0.746257
134,missing_acceptance_criteria,0.55,0.0,13.815512,9.0,9.0,0.0,1,71.436307,0.576472,0.0,16.817163,6.182837,0.731181
135,low_external_context,0.565743,0.0,13.815512,9.661993,9.73196,0.069967,1,72.00205,0.574924,0.0,34.364439,11.635561,0.747053
136,low_external_context,0.562725,0.0,13.815512,9.73196,9.788517,0.056556,1,72.564775,0.573673,0.0,35.145802,11.854198,0.747783
137,low_external_context,0.55,0.0,0.0,9.788517,9.0,0.0,1,73.114775,0.573673,0.0,35.920802,12.079198,0.74835
138,dependency_heavy,0.55,0.0,13.815512,9.0,9.0,0.0,1,73.664775,0.573306,0.0,56.094423,16.905577,0.768417
139,missing_acceptance_criteria,0.576775,0.0,13.815512,9.0,9.119,0.119,1,74.24155,0.573841,0.0,17.60555,6.39445,0.733565
140,dependency_heavy,0.55,0.0,13.815512,9.0,9.0,0.0,1,74.79155,0.57187,0.0,56.869423,17.130577,0.768506
141,missing_acceptance_criteria,0.55,0.0,0.0,9.119,9.0,0.0,1,75.34155,0.570324,0.0,18.38055,6.61945,0.735222
142,dependency_heavy,0.55,0.0,13.815512,9.0,9.0,0.0,1,75.89155,0.569626,0.0,57.644423,17.355577,0.768592
143,dependency_heavy,0.55,0.0,13.815512,9.0,9.0,0.0,1,76.44155,0.569626,0.0,58.419423,17.580577,0.768677
144,dependency_heavy,0.55,0.0,13.815512,9.0,9.0,0.0,1,76.99155,0.569626,0.0,59.194423,17.805577,0.768759
145,low_external_context,0.64855,0.0,14.508658,9.0,9.219,0.219,1,77.6401,0.571597,0.0,36.745077,12.254923,0.7499
146,low_external_context,0.58866,0.0,13.815512,9.219,9.39082,0.17182,1,78.22876,0.571265,0.0,37.539407,12.460593,0.750788
147,dependency_heavy,0.55,0.0,13.815512,9.0,9.0,0.0,1,78.77876,0.571265,0.0,59.969423,18.030577,0.768839
148,low_external_context,0.610309,0.0,14.508658,9.39082,9.52484,0.13402,1,79.389068,0.572471,0.0,38.344561,12.655439,0.751854
149,missing_acceptance_criteria,0.55,0.0,13.815512,9.0,9.0,0.0,1,79.939068,0.572234,0.0,19.15555,6.84445,0.736752
150,low_external_context,0.57352,0.0,13.815512,9.52484,9.629375,0.104535,1,80.512589,0.572704,0.0,39.131321,12.868679,0.752525
151,low_external_context,0.586692,0.0,14.508658,9.629375,9.710912,0.081538,1,81.099281,0.573438,0.0,39.924667,13.075333,0.753296
152,low_external_context,0.57862,0.0,14.508658,9.710912,9.774512,0.063599,1,81.6779,0.573785,0.0,40.713977,13.286023,0.753963
153,missing_acceptance_criteria,0.60895,0.0,14.508658,9.0,9.131,0.131,1,82.28685,0.574964,0.0,19.960025,7.039975,0.73926
154,missing_acceptance_criteria,0.55,0.0,0.0,9.131,9.0,0.0,1,82.83685,0.574964,0.0,20.735025,7.264975,0.740537
155,dependency_heavy,0.55,0.0,13.815512,9.0,9.0,0.0,1,83.38685,0.572984,0.0,60.744423,18.255577,0.768917
156,missing_acceptance_criteria,0.55,0.0,13.815512,9.0,9.0,0.0,1,83.93685,0.57144,0.0,21.510025,7.489975,0.741725
157,dependency_heavy,0.55,0.0,13.815512,9.0,9.0,0.0,1,84.48685,0.57144,0.0,61.519423,18.480577,0.768993
158,dependency_heavy,0.649,0.0,14.508658,9.0,9.22,0.22,1,85.13585,0.57342,0.0,62.343923,18.656077,0.769678
159,missing_acceptance_criteria,0.55,0.0,13.815512,9.0,9.0,0.0,1,85.68585,0.572632,0.0,22.285025,7.714975,0.742834
160,dependency_heavy,0.55,0.0,0.0,9.22,9.0,0.0,1,86.23585,0.572632,0.0,63.118923,18.881077,0.769743
161,dependency_heavy,0.55,0.0,13.815512,9.0,9.0,0.0,1,86.78585,0.570652,0.0,63.893923,19.106077,0.769806
162,dependency_heavy,0.55,0.0,13.815512,9.0,9.0,0.0,1,87.33585,0.569988,0.0,64.668923,19.331077,0.769868
163,missing_acceptance_criteria,0.55,0.0,13.815512,9.0,9.0,0.0,1,87.88585,0.569988,0.0,23.060025,7.939975,0.743872
164,dependency_heavy,0.55,0.0,13.815512,9.0,9.0,0.0,1,88.43585,0.569988,0.0,65.443923,19.556077,0.769929
165,low_external_context,0.55,0.0,0.0,9.774512,9.0,0.0,1,88.98585,0.569988,0.0,41.488977,13.511023,0.754345
166,dependency_heavy,0.55,0.0,13.815512,9.0,9.0,0.0,1,89.53585,0.569988,0.0,66.218923,19.781077,0.769987
167,dependency_heavy,0.55,0.0,13.815512,9.0,9.0,0.0,1,90.08585,0.569988,0.0,66.993923,20.006077,0.770045
168,dependency_heavy,0.55,0.0,13.815512,9.0,9.0,0.0,1,90.63585,0.569988,0.0,67.768923,20.231077,0.770101
169,low_external_context,0.55,0.0,13.815512,9.0,9.0,0.0,1,91.18585,0.569146,0.0,42.263977,13.736023,0.754714
170,missing_acceptance_criteria,0.583975,0.0,13.815512,9.0,9.151,0.151,1,91.769825,0.569127,0.0,23.852013,8.147987,0.745375
171,dependency_heavy,0.55,0.0,13.815512,9.0,9.0,0.0,1,92.319825,0.569127,0.0,68.543923,20.456077,0.770156
172,dependency_heavy,0.649,0.0,14.508658,9.0,9.22,0.22,1,92.968825,0.569127,0.0,69.368423,20.631577,0.77076
173,low_external_context,0.649,0.0,14.508658,9.0,9.22,0.22,1,93.617825,0.570004,0.0,43.088477,13.911523,0.755938
174,missing_acceptance_criteria,0.579609,0.0,13.815512,9.151,9.282595,0.131595,1,94.197434,0.570019,0.0,24.641817,8.358183,0.746722
175,missing_acceptance_criteria,0.60133,0.0,14.508658,9.282595,9.396662,0.114067,1,94.798765,0.570097,0.0,25.442482,8.557518,0.748308
176,missing_acceptance_criteria,0.594255,0.0,14.508658,9.396662,9.495006,0.098344,1,95.393019,0.570982,0.0,26.23961,8.76039,0.749703
177,missing_acceptance_criteria,0.568975,0.0,13.815512,9.495006,9.57934,0.084334,1,95.961994,0.571362,0.0,27.024097,8.975903,0.750669
178,low_external_context,0.58861,0.0,13.815512,9.22,9.3916,0.1716,1,96.550604,0.571617,0.0,43.882782,14.117218,0.7566
179,missing_acceptance_criteria,0.55,0.0,0.0,9.57934,9.0,0.0,1,97.100604,0.570653,0.0,27.799097,9.200903,0.751327
180,dependency_heavy,0.55,0.0,0.0,9.22,9.0,0.0,1,97.650604,0.568673,0.0,70.143423,20.856577,0.770807
181,low_external_context,0.610232,0.0,14.508658,9.3916,9.525448,0.133848,1,98.260836,0.569878,0.0,44.687898,14.312102,0.757422
182,low_external_context,0.57349,0.0,13.815512,9.525448,9.629849,0.104401,1,98.834326,0.570348,0.0,45.474643,14.525357,0.757911
183,low_external_context,0.586645,0.0,14.508658,9.629849,9.711283,0.081433,1,99.420971,0.570693,0.0,46.267965,14.732035,0.758491
184,missing_acceptance_criteria,0.62875,0.0,14.508658,9.0,9.175,0.175,1,100.049721,0.572268,0.0,28.613472,9.386528,0.752986
185,missing_acceptance_criteria,0.55,0.0,0.0,9.175,9.0,0.0,1,100.599721,0.571953,0.0,29.388472,9.611528,0.753551
186,low_external_context,0.55,0.0,0.0,9.711283,9.0,0.0,1,101.149721,0.571699,0.0,47.042965,14.957035,0.758758
187,dependency_heavy,0.649,0.0,14.508658,9.0,9.22,0.22,1,101.798721,0.573679,0.0,70.967923,21.032077,0.77139
188,dependency_heavy,0.55,0.0,0.0,9.22,9.0,0.0,1,102.348721,0.573679,0.0,71.742923,21.257077,0.771429
189,dependency_heavy,0.649,0.0,14.508658,9.0,9.22,0.22,1,102.997721,0.575123,0.0,72.567423,21.432577,0.771994
190,low_external_context,0.55,0.0,13.815512,9.0,9.0,0.0,1,103.547721,0.575123,0.0,47.817965,15.182035,0.759015
191,dependency_heavy,0.62722,0.0,14.508658,9.22,9.3916,0.1716,1,104.174941,0.576668,0.0,73.381033,21.618967,0.772432
192,missing_acceptance_criteria,0.591175,0.0,13.815512,9.0,9.183,0.183,1,104.766116,0.577491,0.0,30.18406,9.81594,0.754601
193,low_external_context,0.649,0.0,14.508658,9.0,9.22,0.22,1,105.415116,0.579471,0.0,48.642465,15.357535,0.760039
194,dependency_heavy,0.610232,0.0,14.508658,9.3916,9.525448,0.133848,1,106.025348,0.580676,0.0,74.186149,21.813851,0.772772
195,dependency_heavy,0.55,0.0,0.0,9.525448,9.0,0.0,1,106.575348,0.578705,0.0,74.961149,22.038851,0.772795
196,low_external_context,0.58861,0.0,13.815512,9.22,9.3916,0.1716,1,107.163958,0.578704,0.0,49.43677,15.56323,0.760566
197,missing_acceptance_criteria,0.55,0.0,0.0,9.183,9.0,0.0,1,107.713958,0.578704,0.0,30.95906,10.04094,0.755099
198,dependency_heavy,0.55,0.0,13.815512,9.0,9.0,0.0,1,108.263958,0.577498,0.0,75.736149,22.263851,0.772818
199,low_external_context,0.580116,0.0,13.815512,9.3916,9.525448,0.133848,1,108.844074,0.5781,0.0,50.226828,15.773172,0.761013
200,dependency_heavy,0.55,0.0,13.815512,9.0,9.0,0.0,1,109.394074,0.57763,0.0,76.511149,22.488851,0.77284
201,missing_acceptance_criteria,0.63595,0.0,14.508658,9.0,9.191,0.191,1,110.030024,0.578615,0.0,31.777035,10.222965,0.756596
202,dependency_heavy,0.55,0.0,13.815512,9.0,9.0,0.0,1,110.580024,0.578042,0.0,77.286149,22.713851,0.772861
203,missing_acceptance_criteria,0.62099,0.0,14.508658,9.191,9.348755,0.157755,1,111.201013,0.578283,0.0,32.58753,10.41247,0.75785
204,low_external_context,0.55,0.0,0.0,9.525448,9.0,0.0,1,111.751013,0.578283,0.0,51.001828,15.998172,0.761221
205,missing_acceptance_criteria,0.579159,0.0,14.914123,9.348755,9.478353,0.129598,1,112.330173,0.578866,0.0,33.37711,10.62289,0.758571
206,dependency_heavy,0.55,0.0,13.815512,9.0,9.0,0.0,1,112.880173,0.578866,0.0,78.061149,22.938851,0.772883
207,low_external_context,0.5995,0.0,13.815512,9.0,9.22,0.22,1,113.479673,0.579856,0.0,51.801578,16.198422,0.761788
208,low_external_context,0.58861,0.0,13.815512,9.22,9.3916,0.1716,1,114.068283,0.578649,0.0,52.595883,16.404117,0.762259
209,low_external_context,0.55,0.0,0.0,9.3916,9.0,0.0,1,114.618283,0.578649,0.0,53.370883,16.629117,0.762441
210,missing_acceptance_criteria,0.55,0.0,0.0,9.478353,9.0,0.0,1,115.168283,0.578649,0.0,34.15211,10.84789,0.758936
211,low_external_context,0.55,0.0,13.815512,9.0,9.0,0.0,1,115.718283,0.578649,0.0,54.145883,16.854117,0.762618
212,dependency_heavy,0.649,0.0,14.508658,9.0,9.22,0.22,1,116.367283,0.580629,0.0,78.885649,23.114351,0.773389
213,missing_acceptance_criteria,0.64315,0.0,14.508658,9.0,9.207,0.207,1,117.010433,0.582492,0.0,34.973685,11.026315,0.760297
214,low_external_context,0.55,0.0,13.815512,9.0,9.0,0.0,1,117.560433,0.582492,0.0,54.920883,17.079117,0.76279
215,dependency_heavy,0.55,0.0,0.0,9.22,9.0,0.0,1,118.110433,0.582492,0.0,79.660649,23.339351,0.773404
216,dependency_heavy,0.649,0.0,14.508658,9.0,9.22,0.22,1,118.759433,0.584472,0.0,80.485149,23.514851,0.773896
217,dependency_heavy,0.62722,0.0,14.508658,9.22,9.3916,0.1716,1,119.386653,0.586016,0.0,81.298759,23.701241,0.774274
218,low_external_context,0.55,0.0,13.815512,9.0,9.0,0.0,1,119.936653,0.586016,0.0,55.695883,17.304117,0.762957
219,dependency_heavy,0.55,0.0,0.0,9.3916,9.0,0.0,1,120.486653,0.586016,0.0,82.073759,23.926241,0.774281
220,low_external_context,0.5995,0.0,13.815512,9.0,9.22,0.22,1,121.086153,0.586327,0.0,56.495633,17.504367,0.763455
221,dependency_heavy,0.649,0.0,14.508658,9.0,9.22,0.22,1,121.735153,0.588307,0.0,82.898259,24.101741,0.77475
222,dependency_heavy,0.62722,0.0,14.508658,9.22,9.3916,0.1716,1,122.362373,0.587871,0.0,83.711869,24.288131,0.77511
223,low_external_context,0.55,0.0,0.0,9.22,9.0,0.0,1,122.912373,0.585891,0.0,57.270633,17.729367,0.763608
224,missing_acceptance_criteria,0.625295,0.0,14.508658,9.207,9.374323,0.167323,1,123.537668,0.586805,0.0,35.786332,11.213668,0.761411
225,missing_acceptance_criteria,0.55,0.0,0.0,9.374323,9.0,0.0,1,124.087668,0.585778,0.0,36.561332,11.438668,0.761694
226,low_external_context,0.55,0.0,13.815512,9.0,9.0,0.0,1,124.637668,0.584893,0.0,58.045633,17.954367,0.763758
227,low_external_context,0.649,0.0,14.508658,9.0,9.22,0.22,1,125.286668,0.586493,0.0,58.870133,18.129867,0.764547
228,missing_acceptance_criteria,0.64855,0.0,14.508658,9.0,9.219,0.219,1,125.935218,0.587692,0.0,37.385607,11.614393,0.762972
229,dependency_heavy,0.55,0.0,0.0,9.3916,9.0,0.0,1,126.485218,0.587692,0.0,84.486869,24.513131,0.775109
230,dependency_heavy,0.55,0.0,13.815512,9.0,9.0,0.0,1,127.035218,0.587692,0.0,85.261869,24.738131,0.775108
231,dependency_heavy,0.55,0.0,13.815512,9.0,9.0,0.0,1,127.585218,0.586488,0.0,86.036869,24.963131,0.775107
232,dependency_heavy,0.55,0.0,13.815512,9.0,9.0,0.0,1,128.135218,0.586018,0.0,86.811869,25.188131,0.775106
233,dependency_heavy,0.55,0.0,13.815512,9.0,9.0,0.0,1,128.685218,0.585285,0.0,87.586869,25.413131,0.775105
234,dependency_heavy,0.55,0.0,13.815512,9.0,9.0,0.0,1,129.235218,0.58371,0.0,88.361869,25.638131,0.775104
235,dependency_heavy,0.649,0.0,14.508658,9.0,9.22,0.22,1,129.884218,0.58569,0.0,89.186369,25.813631,0.775534
236,missing_acceptance_criteria,0.55,0.0,0.0,9.219,9.0,0.0,1,130.434218,0.58569,0.0,38.160607,11.839393,0.763212
237,dependency_heavy,0.55,0.0,0.0,9.22,9.0,0.0,1,130.984218,0.58371,0.0,89.961369,26.038631,0.775529
238,dependency_heavy,0.55,0.0,13.815512,9.0,9.0,0.0,1,131.534218,0.58371,0.0,90.736369,26.263631,0.775525
239,dependency_heavy,0.55,0.0,13.815512,9.0,9.0,0.0,1,132.084218,0.58173,0.0,91.511369,26.488631,0.77552
240,low_external_context,0.62722,0.0,14.508658,9.22,9.3916,0.1716,1,132.711438,0.583274,0.0,59.683743,18.316257,0.765176
241,missing_acceptance_criteria,0.649,0.0,14.508658,9.0,9.22,0.22,1,133.360438,0.58371,0.0,38.985107,12.014893,0.764414
242,dependency_heavy,0.55,0.0,13.815512,9.0,9.0,0.0,1,133.910438,0.582886,0.0,92.286369,26.713631,0.775516
243,dependency_heavy,0.55,0.0,13.815512,9.0,9.0,0.0,1,134.460438,0.580906,0.0,93.061369,26.938631,0.775511
244,low_external_context,0.580116,0.0,13.815512,9.3916,9.525448,0.133848,1,135.040554,0.580304,0.0,60.473801,18.526199,0.765491
245,missing_acceptance_criteria,0.62722,0.0,14.508658,9.22,9.3916,0.1716,1,135.667774,0.581849,0.0,39.798717,12.201283,0.76536
246,dependency_heavy,0.55,0.0,13.815512,9.0,9.0,0.0,1,136.217774,0.581076,0.0,93.836369,27.163631,0.775507
247,low_external_context,0.55,0.0,0.0,9.525448,9.0,0.0,1,136.767774,0.581076,0.0,61.248801,18.751199,0.76561
248,missing_acceptance_criteria,0.55,0.0,0.0,9.3916,9.0,0.0,1,137.317774,0.581076,0.0,40.573717,12.426283,0.765542
249,missing_acceptance_criteria,0.55,0.0,13.815512,9.0,9.0,0.0,1,137.867774,0.580474,0.0,41.348717,12.651283,0.765717
250,missing_acceptance_criteria,0.5995,0.0,13.815512,9.0,9.22,0.22,1,138.467274,0.581464,0.0,42.148467,12.851533,0.766336
251,missing_acceptance_criteria,0.62722,0.0,14.508658,9.22,9.3916,0.1716,1,139.094494,0.581289,0.0,42.962077,13.037923,0.76718
252,dependency_heavy,0.55,0.0,13.815512,9.0,9.0,0.0,1,139.644494,0.581289,0.0,94.611369,27.388631,0.775503
253,missing_acceptance_criteria,0.610232,0.0,14.508658,9.3916,9.525448,0.133848,1,140.254726,0.581074,0.0,43.767193,13.232807,0.767845
254,low_external_context,0.5995,0.0,13.815512,9.0,9.22,0.22,1,140.854226,0.582064,0.0,62.048551,18.951449,0.766031
255,dependency_heavy,0.55,0.0,13.815512,9.0,9.0,0.0,1,141.404226,0.581481,0.0,95.386369,27.613631,0.775499
256,dependency_heavy,0.649,0.0,14.508658,9.0,9.22,0.22,1,142.053226,0.583461,0.0,96.210869,27.789131,0.775894
257,missing_acceptance_criteria,0.57349,0.0,13.815512,9.525448,9.629849,0.104401,1,142.626716,0.582941,0.0,44.553938,13.446062,0.768171
258,low_external_context,0.62722,0.0,14.508658,9.22,9.3916,0.1716,1,143.253936,0.583713,0.0,62.862161,19.137839,0.766612
259,low_external_context,0.610232,0.0,14.508658,9.3916,9.525448,0.133848,1,143.864168,0.584918,0.0,63.667277,19.332723,0.767076
260,low_external_context,0.596981,0.0,14.508658,9.525448,9.629849,0.104401,1,144.461148,0.585857,0.0,64.465767,19.534233,0.76745
261,missing_acceptance_criteria,0.55,0.0,0.0,9.629849,9.0,0.0,1,145.011148,0.585857,0.0,45.328938,13.671062,0.768287
262,missing_acceptance_criteria,0.649,0.0,14.508658,9.0,9.22,0.22,1,145.660148,0.585857,0.0,46.153438,13.846562,0.769224
263,dependency_heavy,0.55,0.0,0.0,9.22,9.0,0.0,1,146.210148,0.583994,0.0,96.985869,28.014131,0.775887
264,dependency_heavy,0.649,0.0,14.508658,9.0,9.22,0.22,1,146.859148,0.585974,0.0,97.810369,28.189631,0.776273
265,dependency_heavy,0.55,0.0,0.0,9.22,9.0,0.0,1,147.409148,0.585974,0.0,98.585369,28.414631,0.776263
266,dependency_heavy,0.649,0.0,14.508658,9.0,9.22,0.22,1,148.058148,0.585974,0.0,99.409869,28.590131,0.77664
267,dependency_heavy,0.55,0.0,0.0,9.22,9.0,0.0,1,148.608148,0.58443,0.0,100.184869,28.815131,0.776627
268,low_external_context,0.55,0.0,0.0,9.629849,9.0,0.0,1,149.158148,0.58443,0.0,65.240767,19.759233,0.767538
269,dependency_heavy,0.649,0.0,14.508658,9.0,9.22,0.22,1,149.807148,0.58641,0.0,101.009369,28.990631,0.776995
270,missing_acceptance_criteria,0.62722,0.0,14.508658,9.22,9.3916,0.1716,1,150.434368,0.586964,0.0,46.967048,14.032952,0.769952
271,dependency_heavy,0.55,0.0,0.0,9.22,9.0,0.0,1,150.984368,0.584984,0.0,101.784369,29.215631,0.77698
272,low_external_context,0.55,0.0,13.815512,9.0,9.0,0.0,1,151.534368,0.58344,0.0,66.015767,19.984233,0.767625
273,low_external_context,0.649,0.0,14.508658,9.0,9.22,0.22,1,152.183368,0.58542,0.0,66.840267,20.159733,0.768279
274,missing_acceptance_criteria,0.610232,0.0,14.508658,9.3916,9.525448,0.133848,1,152.7936,0.585119,0.0,47.772164,14.227836,0.770519
275,missing_acceptance_criteria,0.596981,0.0,14.508658,9.525448,9.629849,0.104401,1,153.390581,0.586058,0.0,48.570654,14.429346,0.770963
276,dependency_heavy,0.55,0.0,13.815512,9.0,9.0,0.0,1,153.940581,0.586058,0.0,102.559369,29.440631,0.776965
277,low_external_context,0.62722,0.0,14.508658,9.22,9.3916,0.1716,1,154.567801,0.585623,0.0,67.653877,20.346123,0.768794
278,missing_acceptance_criteria,0.586645,0.0,14.508658,9.629849,9.711283,0.081433,1,155.154445,0.584385,0.0,49.363977,14.636023,0.771312
279,low_external_context,0.580116,0.0,13.815512,9.3916,9.525448,0.133848,1,155.734561,0.584987,0.0,68.443935,20.556065,0.769033
280,low_external_context,0.596981,0.0,14.508658,9.525448,9.629849,0.104401,1,156.331542,0.585926,0.0,69.242426,20.757574,0.76936
281,low_external_context,0.586645,0.0,14.508658,9.629849,9.711283,0.081433,1,156.918187,0.586659,0.0,70.035748,20.964252,0.769624
282,dependency_heavy,0.55,0.0,13.815512,9.0,9.0,0.0,1,157.468187,0.586659,0.0,103.334369,29.665631,0.77695
283,missing_acceptance_criteria,0.564292,0.0,13.815512,9.711283,9.7748,0.063518,1,158.032478,0.586945,0.0,50.146123,14.853877,0.771479
284,low_external_context,0.564292,0.0,13.815512,9.711283,9.7748,0.063518,1,158.59677,0.587231,0.0,70.817894,21.182106,0.76976
285,low_external_context,0.561147,0.0,13.815512,9.7748,9.824344,0.049544,1,159.157917,0.585474,0.0,71.598468,21.401532,0.769876
286,missing_acceptance_criteria,0.572295,0.0,14.508658,9.7748,9.824344,0.049544,1,159.730212,0.58592,0.0,50.93227,15.06773,0.771701
287,low_external_context,0.55,0.0,0.0,9.824344,9.0,0.0,1,160.280212,0.58592,0.0,72.373468,21.626532,0.769931
288,low_external_context,0.5995,0.0,13.815512,9.0,9.22,0.22,1,160.879712,0.58691,0.0,73.173218,21.826782,0.770244
289,missing_acceptance_criteria,0.56739,0.0,14.508658,9.824344,9.862989,0.038644,1,161.447102,0.587258,0.0,51.715965,15.284035,0.77188
290,missing_acceptance_criteria,0.563564,0.0,14.508658,9.862989,9.893131,0.030143,1,162.010666,0.585985,0.0,52.497747,15.502253,0.772026
291,low_external_context,0.58861,0.0,13.815512,9.22,9.3916,0.1716,1,162.599276,0.584777,0.0,73.967523,22.032477,0.770495
292,low_external_context,0.580116,0.0,13.815512,9.3916,9.525448,0.133848,1,163.179392,0.585379,0.0,74.75758,22.24242,0.770697
293,missing_acceptance_criteria,0.55,0.0,0.0,9.893131,9.0,0.0,1,163.729392,0.585379,0.0,53.272747,15.727253,0.772069
294,missing_acceptance_criteria,0.649,0.0,14.508658,9.0,9.22,0.22,1,164.378392,0.586757,0.0,54.097247,15.902753,0.772818
295,missing_acceptance_criteria,0.62722,0.0,14.508658,9.22,9.3916,0.1716,1,165.005612,0.586757,0.0,54.910857,16.089143,0.773392
296,low_external_context,0.596981,0.0,14.508658,9.525448,9.629849,0.104401,1,165.602592,0.587696,0.0,75.556071,22.443929,0.77098
297,low_external_context,0.568322,0.0,13.815512,9.629849,9.711283,0.081433,1,166.170915,0.588063,0.0,76.340232,22.659768,0.771113
298,dependency_heavy,0.55,0.0,13.815512,9.0,9.0,0.0,1,166.720915,0.588063,0.0,104.109369,29.890631,0.776936
299,low_external_context,0.55,0.0,0.0,9.711283,9.0,0.0,1,167.270915,0.588063,0.0,77.115232,22.884768,0.771152
300,dependency_heavy,0.55,0.0,13.815512,9.0,9.0,0.0,1,167.820915,0.587073,0.0,104.884369,30.115631,0.776921
301,missing_acceptance_criteria,0.55,0.0,0.0,9.3916,9.0,0.0,1,168.370915,0.585528,0.0,55.685857,16.314143,0.773415
302,low_external_context,0.5995,0.0,13.815512,9.0,9.22,0.22,1,168.970415,0.586518,0.0,77.914982,23.085018,0.771435
303,missing_acceptance_criteria,0.649,0.0,14.508658,9.0,9.22,0.22,1,169.619415,0.587294,0.0,56.510357,16.489643,0.774114
304,missing_acceptance_criteria,0.55,0.0,0.0,9.22,9.0,0.0,1,170.169415,0.586304,0.0,57.285357,16.714643,0.774126
305,missing_acceptance_criteria,0.55,0.0,13.815512,9.0,9.0,0.0,1,170.719415,0.586304,0.0,58.060357,16.939643,0.774138
306,low_external_context,0.62722,0.0,14.508658,9.22,9.3916,0.1716,1,171.346635,0.585868,0.0,78.728592,23.271408,0.771849
307,dependency_heavy,0.55,0.0,13.815512,9.0,9.0,0.0,1,171.896635,0.585398,0.0,105.659369,30.340631,0.776907
308,low_external_context,0.55,0.0,0.0,9.3916,9.0,0.0,1,172.446635,0.583854,0.0,79.503592,23.496408,0.77188
309,missing_acceptance_criteria,0.649,0.0,14.508658,9.0,9.22,0.22,1,173.095635,0.584629,0.0,58.884857,17.115143,0.774801
310,dependency_heavy,0.55,0.0,13.815512,9.0,9.0,0.0,1,173.645635,0.58369,0.0,106.434369,30.565631,0.776893
311,dependency_heavy,0.55,0.0,13.815512,9.0,9.0,0.0,1,174.195635,0.58369,0.0,107.209369,30.790631,0.776879
312,missing_acceptance_criteria,0.58861,0.0,13.815512,9.22,9.3916,0.1716,1,174.784245,0.582482,0.0,59.679162,17.320838,0.775054
313,missing_acceptance_criteria,0.610232,0.0,14.508658,9.3916,9.525448,0.133848,1,175.394477,0.583687,0.0,60.484278,17.515722,0.775439
314,low_external_context,0.649,0.0,14.508658,9.0,9.22,0.22,1,176.043477,0.583687,0.0,80.328092,23.671908,0.772385
315,dependency_heavy,0.649,0.0,14.508658,9.0,9.22,0.22,1,176.692477,0.585667,0.0,108.033869,30.966131,0.777222
316,dependency_heavy,0.62722,0.0,14.508658,9.22,9.3916,0.1716,1,177.319697,0.585231,0.0,108.847479,31.152521,0.777482
317,missing_acceptance_criteria,0.57349,0.0,13.815512,9.525448,9.629849,0.104401,1,177.893187,0.585701,0.0,61.271023,17.728977,0.775583
318,low_external_context,0.55,0.0,0.0,9.22,9.0,0.0,1,178.443187,0.585701,0.0,81.103092,23.896908,0.77241
319,low_external_context,0.55,0.0,13.815512,9.0,9.0,0.0,1,178.993187,0.583721,0.0,81.878092,24.121908,0.772435
320,low_external_context,0.55,0.0,13.815512,9.0,9.0,0.0,1,179.543187,0.582176,0.0,82.653092,24.346908,0.772459
321,low_external_context,0.5995,0.0,13.815512,9.0,9.22,0.22,1,180.142687,0.583166,0.0,83.452842,24.547158,0.772711
322,low_external_context,0.55,0.0,0.0,9.22,9.0,0.0,1,180.692687,0.583166,0.0,84.227842,24.772158,0.772732
323,low_external_context,0.649,0.0,14.508658,9.0,9.22,0.22,1,181.341687,0.583166,0.0,85.052342,24.947658,0.773203
324,dependency_heavy,0.55,0.0,0.0,9.3916,9.0,0.0,1,181.891687,0.581962,0.0,109.622479,31.377521,0.777464
325,missing_acceptance_criteria,0.586645,0.0,14.508658,9.629849,9.711283,0.081433,1,182.478332,0.581755,0.0,62.064345,17.935655,0.775804
326,dependency_heavy,0.649,0.0,14.508658,9.0,9.22,0.22,1,183.127332,0.583735,0.0,110.446979,31.553021,0.777796
327,missing_acceptance_criteria,0.564292,0.0,13.815512,9.711283,9.7748,0.063518,1,183.691623,0.582476,0.0,62.846491,18.153509,0.775883
328,low_external_context,0.58861,0.0,13.815512,9.22,9.3916,0.1716,1,184.280233,0.582516,0.0,85.846647,25.153353,0.773393
329,dependency_heavy,0.62722,0.0,14.508658,9.22,9.3916,0.1716,1,184.907453,0.583458,0.0,111.260589,31.739411,0.778046
330,dependency_heavy,0.55,0.0,0.0,9.3916,9.0,0.0,1,185.457453,0.582518,0.0,112.035589,31.964411,0.778025
331,missing_acceptance_criteria,0.572295,0.0,14.508658,9.7748,9.824344,0.049544,1,186.029748,0.582231,0.0,63.632638,18.367362,0.776008
332,missing_acceptance_criteria,0.56739,0.0,14.508658,9.824344,9.862989,0.038644,1,186.597138,0.582579,0.0,64.416333,18.583667,0.7761
333,missing_acceptance_criteria,0.556782,0.0,13.815512,9.862989,9.893131,0.030143,1,187.15392,0.582429,0.0,65.194724,18.805276,0.776128
334,dependency_heavy,0.649,0.0,14.508658,9.0,9.22,0.22,1,187.80292,0.584123,0.0,112.860089,32.139911,0.778345
335,dependency_heavy,0.55,0.0,0.0,9.22,9.0,0.0,1,188.35292,0.5839,0.0,113.635089,32.364911,0.778323
336,missing_acceptance_criteria,0.56058,0.0,14.508658,9.893131,9.916642,0.023511,1,188.9135,0.583666,0.0,65.975014,19.024986,0.776177
337,missing_acceptance_criteria,0.55,0.0,0.0,9.916642,9.0,0.0,1,189.4635,0.583666,0.0,66.750014,19.249986,0.776163
338,dependency_heavy,0.649,0.0,14.508658,9.0,9.22,0.22,1,190.1125,0.584656,0.0,114.459589,32.540411,0.778637
339,low_external_context,0.55,0.0,0.0,9.3916,9.0,0.0,1,190.6625,0.584308,0.0,86.621647,25.378353,0.773408
340,low_external_context,0.55,0.0,13.815512,9.0,9.0,0.0,1,191.2125,0.584037,0.0,87.396647,25.603353,0.773422
341,low_external_context,0.5995,0.0,13.815512,9.0,9.22,0.22,1,191.812,0.584254,0.0,88.196397,25.803603,0.773653
342,low_external_context,0.62722,0.0,14.508658,9.22,9.3916,0.1716,1,192.43922,0.585197,0.0,89.010007,25.989993,0.774
343,low_external_context,0.610232,0.0,14.508658,9.3916,9.525448,0.133848,1,193.049452,0.586401,0.0,89.815123,26.184877,0.774268
344,missing_acceptance_criteria,0.649,0.0,14.508658,9.0,9.22,0.22,1,193.698452,0.586401,0.0,67.574514,19.425486,0.776719
345,low_external_context,0.55,0.0,0.0,9.525448,9.0,0.0,1,194.248452,0.584857,0.0,90.590123,26.409877,0.774275
346,missing_acceptance_criteria,0.55,0.0,0.0,9.22,9.0,0.0,1,194.798452,0.583917,0.0,68.349514,19.650486,0.776699
347,low_external_context,0.55,0.0,13.815512,9.0,9.0,0.0,1,195.348452,0.583551,0.0,91.365123,26.634877,0.774281
348,dependency_heavy,0.62722,0.0,14.508658,9.22,9.3916,0.1716,1,195.975672,0.585095,0.0,115.273199,32.726801,0.778873
349,missing_acceptance_criteria,0.649,0.0,14.508658,9.0,9.22,0.22,1,196.624672,0.587075,0.0,69.174014,19.825986,0.777236
350,missing_acceptance_criteria,0.55,0.0,0.0,9.22,9.0,0.0,1,197.174672,0.587075,0.0,69.949014,20.050986,0.777211
351,dependency_heavy,0.610232,0.0,14.508658,9.3916,9.525448,0.133848,1,197.784903,0.58828,0.0,116.078314,32.921686,0.779049
352,missing_acceptance_criteria,0.649,0.0,14.508658,9.0,9.22,0.22,1,198.433903,0.58927,0.0,70.773514,20.226486,0.777731
353,dependency_heavy,0.596981,0.0,14.508658,9.525448,9.629849,0.104401,1,199.030884,0.588229,0.0,116.876805,33.123195,0.779179
354,missing_acceptance_criteria,0.58861,0.0,13.815512,9.22,9.3916,0.1716,1,199.619494,0.589002,0.0,71.567819,20.432181,0.777911
355,dependency_heavy,0.586645,0.0,14.508658,9.629849,9.711283,0.081433,1,200.206139,0.589734,0.0,117.670127,33.329873,0.779272
356,dependency_heavy,0.578583,0.0,14.508658,9.711283,9.7748,0.063518,1,200.784722,0.588762,0.0,118.459419,33.540581,0.779338
357,dependency_heavy,0.55,0.0,0.0,9.7748,9.0,0.0,1,201.334722,0.588762,0.0,119.234419,33.765581,0.77931
358,missing_acceptance_criteria,0.580116,0.0,13.815512,9.3916,9.525448,0.133848,1,201.914838,0.589364,0.0,72.357877,20.642123,0.778042
359,dependency_heavy,0.649,0.0,14.508658,9.0,9.22,0.22,1,202.563838,0.589364,0.0,120.058919,33.941081,0.779603
360,missing_acceptance_criteria,0.596981,0.0,14.508658,9.525448,9.629849,0.104401,1,203.160818,0.590304,0.0,73.156368,20.843632,0.778259
361,low_external_context,0.649,0.0,14.508658,9.0,9.22,0.22,1,203.809818,0.592284,0.0,92.189623,26.810377,0.774703
362,dependency_heavy,0.62722,0.0,14.508658,9.22,9.3916,0.1716,1,204.437038,0.593056,0.0,120.872529,34.127471,0.779823
363,dependency_heavy,0.55,0.0,0.0,9.3916,9.0,0.0,1,204.987038,0.591851,0.0,121.647529,34.352471,0.779792
364,low_external_context,0.62722,0.0,14.508658,9.22,9.3916,0.1716,1,205.614258,0.591416,0.0,93.003233,26.996767,0.775027
365,missing_acceptance_criteria,0.586645,0.0,14.508658,9.629849,9.711283,0.081433,1,206.200903,0.590169,0.0,73.94969,21.05031,0.778418
366,low_external_context,0.580116,0.0,13.815512,9.3916,9.525448,0.133848,1,206.781019,0.589226,0.0,93.793291,27.206709,0.775151
367,dependency_heavy,0.55,0.0,13.815512,9.0,9.0,0.0,1,207.331019,0.588757,0.0,122.422529,34.577471,0.779761
368,dependency_heavy,0.55,0.0,13.815512,9.0,9.0,0.0,1,207.881019,0.588757,0.0,123.197529,34.802471,0.779731
369,low_external_context,0.57349,0.0,13.815512,9.525448,9.629849,0.104401,1,208.454509,0.589226,0.0,94.580036,27.419964,0.775246
370,low_external_context,0.568322,0.0,13.815512,9.629849,9.711283,0.081433,1,209.022832,0.589593,0.0,95.364197,27.635803,0.775319
371,dependency_heavy,0.55,0.0,13.815512,9.0,9.0,0.0,1,209.572832,0.588603,0.0,123.972529,35.027471,0.779701
372,missing_acceptance_criteria,0.55,0.0,0.0,9.711283,9.0,0.0,1,210.122832,0.588603,0.0,74.72469,21.27531,0.778382
373,dependency_heavy,0.55,0.0,13.815512,9.0,9.0,0.0,1,210.672832,0.586623,0.0,124.747529,35.252471,0.779672
374,low_external_context,0.578583,0.0,14.508658,9.711283,9.7748,0.063518,1,211.251415,0.587195,0.0,96.153489,27.846511,0.775431
375,low_external_context,0.55,0.0,0.0,9.7748,9.0,0.0,1,211.801415,0.586462,0.0,96.928489,28.071511,0.775428
376,dependency_heavy,0.649,0.0,14.508658,9.0,9.22,0.22,1,212.450415,0.586462,0.0,125.572029,35.427971,0.77995
377,low_external_context,0.5995,0.0,13.815512,9.0,9.22,0.22,1,213.049915,0.587166,0.0,97.728239,28.271761,0.775621
378,missing_acceptance_criteria,0.55,0.0,13.815512,9.0,9.0,0.0,1,213.599915,0.586394,0.0,75.49969,21.50031,0.778347
379,missing_acceptance_criteria,0.649,0.0,14.508658,9.0,9.22,0.22,1,214.248915,0.586829,0.0,76.32419,21.67581,0.778818
380,dependency_heavy,0.55,0.0,0.0,9.22,9.0,0.0,1,214.798915,0.586829,0.0,126.347029,35.652971,0.77992
381,low_external_context,0.55,0.0,0.0,9.22,9.0,0.0,1,215.348915,0.586383,0.0,98.503239,28.496761,0.775616
382,dependency_heavy,0.55,0.0,13.815512,9.0,9.0,0.0,1,215.898915,0.586036,0.0,127.122029,35.877971,0.77989
383,low_external_context,0.5995,0.0,13.815512,9.0,9.22,0.22,1,216.498415,0.58689,0.0,99.302989,28.697011,0.775805
384,low_external_context,0.58861,0.0,13.815512,9.22,9.3916,0.1716,1,217.087025,0.585682,0.0,100.097294,28.902706,0.775948
385,dependency_heavy,0.649,0.0,14.508658,9.0,9.22,0.22,1,217.736025,0.587662,0.0,127.946529,36.053471,0.780162
386,low_external_context,0.55,0.0,0.0,9.3916,9.0,0.0,1,218.286025,0.58745,0.0,100.872294,29.127706,0.775941
387,dependency_heavy,0.62722,0.0,14.508658,9.22,9.3916,0.1716,1,218.913245,0.588995,0.0,128.760139,36.239861,0.780364
388,low_external_context,0.55,0.0,13.815512,9.0,9.0,0.0,1,219.463245,0.587015,0.0,101.647294,29.352706,0.775934
389,low_external_context,0.55,0.0,13.815512,9.0,9.0,0.0,1,220.013245,0.587015,0.0,102.422294,29.577706,0.775926
390,low_external_context,0.55,0.0,13.815512,9.0,9.0,0.0,1,220.563245,0.587015,0.0,103.197294,29.802706,0.77592
391,dependency_heavy,0.55,0.0,0.0,9.3916,9.0,0.0,1,221.113245,0.586025,0.0,129.535139,36.464861,0.780332
392,low_external_context,0.649,0.0,14.508658,9.0,9.22,0.22,1,221.762245,0.58646,0.0,104.021794,29.978206,0.776282
393,low_external_context,0.55,0.0,0.0,9.22,9.0,0.0,1,222.312245,0.585256,0.0,104.796794,30.203206,0.776273
394,dependency_heavy,0.55,0.0,13.815512,9.0,9.0,0.0,1,222.862245,0.583276,0.0,130.310139,36.689861,0.7803
395,missing_acceptance_criteria,0.62722,0.0,14.508658,9.22,9.3916,0.1716,1,223.489465,0.58482,0.0,77.1378,21.8622,0.77917
396,dependency_heavy,0.55,0.0,13.815512,9.0,9.0,0.0,1,224.039465,0.58482,0.0,131.085139,36.914861,0.780269
397,dependency_heavy,0.649,0.0,14.508658,9.0,9.22,0.22,1,224.688465,0.5868,0.0,131.909639,37.090361,0.78053
398,missing_acceptance_criteria,0.610232,0.0,14.508658,9.3916,9.525448,0.133848,1,225.298696,0.58646,0.0,77.942916,22.057084,0.779429
399,dependency_heavy,0.55,0.0,0.0,9.22,9.0,0.0,1,225.848696,0.58448,0.0,132.684639,37.315361,0.780498
400,dependency_heavy,0.649,0.0,14.508658,9.0,9.22,0.22,1,226.497696,0.58646,0.0,133.509139,37.490861,0.780755
401,dependency_heavy,0.62722,0.0,14.508658,9.22,9.3916,0.1716,1,227.124916,0.5868,0.0,134.322749,37.677251,0.780946
402,low_external_context,0.649,0.0,14.508658,9.0,9.22,0.22,1,227.773916,0.5868,0.0,105.621294,30.378706,0.776627
403,low_external_context,0.58861,0.0,13.815512,9.22,9.3916,0.1716,1,228.362526,0.586633,0.0,106.415599,30.584401,0.776756
404,dependency_heavy,0.610232,0.0,14.508658,9.3916,9.525448,0.133848,1,228.972758,0.587065,0.0,135.127864,37.872136,0.781086
405,missing_acceptance_criteria,0.596981,0.0,14.508658,9.525448,9.629849,0.104401,1,229.569739,0.587272,0.0,78.741406,22.258594,0.779618
406,low_external_context,0.55,0.0,0.0,9.3916,9.0,0.0,1,230.119739,0.5867,0.0,107.190599,30.809401,0.776743
407,missing_acceptance_criteria,0.55,0.0,0.0,9.629849,9.0,0.0,1,230.669739,0.5867,0.0,79.516406,22.483594,0.779573
408,low_external_context,0.649,0.0,14.508658,9.0,9.22,0.22,1,231.318739,0.588078,0.0,108.015099,30.984901,0.777087
409,low_external_context,0.62722,0.0,14.508658,9.22,9.3916,0.1716,1,231.945959,0.587642,0.0,108.828709,31.171291,0.777348
410,missing_acceptance_criteria,0.5995,0.0,13.815512,9.0,9.22,0.22,1,232.545459,0.587693,0.0,80.316156,22.683844,0.779769
411,missing_acceptance_criteria,0.55,0.0,0.0,9.22,9.0,0.0,1,233.095459,0.585713,0.0,81.091156,22.908844,0.779723
412,dependency_heavy,0.55,0.0,0.0,9.525448,9.0,0.0,1,233.645459,0.584168,0.0,135.902864,38.097136,0.781051
413,low_external_context,0.610232,0.0,14.508658,9.3916,9.525448,0.133848,1,234.25569,0.585373,0.0,109.633824,31.366176,0.777545
414,low_external_context,0.57349,0.0,13.815512,9.525448,9.629849,0.104401,1,234.829181,0.584298,0.0,110.42057,31.57943,0.77761
415,dependency_heavy,0.649,0.0,14.508658,9.0,9.22,0.22,1,235.478181,0.585546,0.0,136.727364,38.272636,0.781299
416,low_external_context,0.55,0.0,0.0,9.629849,9.0,0.0,1,236.028181,0.584943,0.0,111.19557,31.80443,0.777591
417,low_external_context,0.649,0.0,14.508658,9.0,9.22,0.22,1,236.677181,0.586923,0.0,112.02007,31.97993,0.777917
418,missing_acceptance_criteria,0.649,0.0,14.508658,9.0,9.22,0.22,1,237.326181,0.588903,0.0,81.915656,23.084344,0.780149
419,dependency_heavy,0.55,0.0,0.0,9.22,9.0,0.0,1,237.876181,0.588433,0.0,137.502364,38.497636,0.781263
420,missing_acceptance_criteria,0.62722,0.0,14.508658,9.22,9.3916,0.1716,1,238.503401,0.589611,0.0,82.729266,23.270734,0.780465
421,missing_acceptance_criteria,0.610232,0.0,14.508658,9.3916,9.525448,0.133848,1,239.113632,0.590816,0.0,83.534382,23.465618,0.780695
422,missing_acceptance_criteria,0.596981,0.0,14.508658,9.525448,9.629849,0.104401,1,239.710613,0.591756,0.0,84.332872,23.667128,0.78086
423,dependency_heavy,0.55,0.0,13.815512,9.0,9.0,0.0,1,240.260613,0.591756,0.0,138.277364,38.722636,0.781228
424,dependency_heavy,0.55,0.0,13.815512,9.0,9.0,0.0,1,240.810613,0.591184,0.0,139.052364,38.947636,0.781193
425,missing_acceptance_criteria,0.586645,0.0,14.508658,9.629849,9.711283,0.081433,1,241.397258,0.591917,0.0,85.126195,23.873805,0.780974
426,missing_acceptance_criteria,0.578583,0.0,14.508658,9.711283,9.7748,0.063518,1,241.975841,0.590509,0.0,85.915486,24.084514,0.78105
427,dependency_heavy,0.55,0.0,13.815512,9.0,9.0,0.0,1,242.525841,0.589519,0.0,139.827364,39.172636,0.781158
428,missing_acceptance_criteria,0.572295,0.0,14.508658,9.7748,9.824344,0.049544,1,243.098135,0.589964,0.0,86.701634,24.298366,0.781096
429,dependency_heavy,0.649,0.0,14.508658,9.0,9.22,0.22,1,243.747135,0.589964,0.0,140.651864,39.348136,0.781399
430,missing_acceptance_criteria,0.56739,0.0,14.508658,9.824344,9.862989,0.038644,1,244.314525,0.590312,0.0,87.485329,24.514671,0.781119
431,dependency_heavy,0.62722,0.0,14.508658,9.22,9.3916,0.1716,1,244.941745,0.591857,0.0,141.465474,39.534526,0.781577
432,low_external_context,0.58861,0.0,13.815512,9.22,9.3916,0.1716,1,245.530355,0.592629,0.0,112.814375,32.185625,0.77803
433,missing_acceptance_criteria,0.55,0.0,0.0,9.862989,9.0,0.0,1,246.080355,0.591639,0.0,88.260329,24.739671,0.781065
434,dependency_heavy,0.610232,0.0,14.508658,9.3916,9.525448,0.133848,1,246.690587,0.592071,0.0,142.27059,39.72941,0.781707
435,low_external_context,0.55,0.0,0.0,9.3916,9.0,0.0,1,247.240587,0.590091,0.0,113.589375,32.410625,0.778009
436,low_external_context,0.5995,0.0,13.815512,9.0,9.22,0.22,1,247.840087,0.591081,0.0,114.389125,32.610875,0.778157
437,missing_acceptance_criteria,0.55,0.0,13.815512,9.0,9.0,0.0,1,248.390087,0.589537,0.0,89.035329,24.964671,0.781012
438,missing_acceptance_criteria,0.5995,0.0,14.914123,9.0,9.22,0.22,1,248.989587,0.590527,0.0,89.835079,25.164921,0.781175
439,low_external_context,0.62722,0.0,14.508658,9.22,9.3916,0.1716,1,249.616807,0.592071,0.0,115.202735,32.797265,0.778397
440,low_external_context,0.55,0.0,0.0,9.3916,9.0,0.0,1,250.166807,0.592071,0.0,115.977735,33.022265,0.778374
441,missing_acceptance_criteria,0.58861,0.0,13.815512,9.22,9.3916,0.1716,1,250.755417,0.592843,0.0,90.629384,25.370616,0.781288
442,low_external_context,0.649,0.0,14.508658,9.0,9.22,0.22,1,251.404417,0.592843,0.0,116.802235,33.197765,0.778682
443,low_external_context,0.55,0.0,0.0,9.22,9.0,0.0,1,251.954417,0.592843,0.0,117.577235,33.422765,0.778657
444,low_external_context,0.5995,0.0,13.815512,9.0,9.22,0.22,1,252.553917,0.593833,0.0,118.376985,33.623015,0.778796
445,low_external_context,0.62722,0.0,14.508658,9.22,9.3916,0.1716,1,253.181137,0.593833,0.0,119.190595,33.809405,0.779023
446,missing_acceptance_criteria,0.610232,0.0,14.508658,9.3916,9.525448,0.133848,1,253.791369,0.595038,0.0,91.4345,25.5655,0.781491
447,low_external_context,0.610232,0.0,14.508658,9.3916,9.525448,0.133848,1,254.4016,0.594263,0.0,119.99571,34.00429,0.779193
448,missing_acceptance_criteria,0.57349,0.0,13.815512,9.525448,9.629849,0.104401,1,254.975091,0.593528,0.0,92.221245,25.778755,0.781536
449,missing_acceptance_criteria,0.568322,0.0,13.815512,9.629849,9.711283,0.081433,1,255.543413,0.593894,0.0,93.005406,25.994594,0.781558
450,dependency_heavy,0.55,0.0,0.0,9.525448,9.0,0.0,1,256.093413,0.591914,0.0,143.04559,39.95441,0.78167
451,low_external_context,0.57349,0.0,13.815512,9.525448,9.629849,0.104401,1,256.666903,0.59084,0.0,120.782456,34.217544,0.779242
452,dependency_heavy,0.55,0.0,13.815512,9.0,9.0,0.0,1,257.216903,0.58886,0.0,143.82059,40.17941,0.781634
453,low_external_context,0.586645,0.0,14.508658,9.629849,9.711283,0.081433,1,257.803548,0.58882,0.0,121.575778,34.424222,0.779332
454,low_external_context,0.564292,0.0,13.815512,9.711283,9.7748,0.063518,1,258.36784,0.587902,0.0,122.357924,34.642076,0.77935
455,missing_acceptance_criteria,0.55,0.0,0.0,9.711283,9.0,0.0,1,258.91784,0.586962,0.0,93.780406,26.219594,0.781503
456,low_external_context,0.561147,0.0,13.815512,9.7748,9.824344,0.049544,1,259.478987,0.587185,0.0,123.138497,34.861503,0.779358
457,missing_acceptance_criteria,0.649,0.0,14.508658,9.0,9.22,0.22,1,260.127987,0.589165,0.0,94.604906,26.395094,0.781859
458,dependency_heavy,0.55,0.0,13.815512,9.0,9.0,0.0,1,260.677987,0.587185,0.0,144.59559,40.40441,0.781598
459,missing_acceptance_criteria,0.55,0.0,0.0,9.22,9.0,0.0,1,261.227987,0.585641,0.0,95.379906,26.620094,0.781803
460,dependency_heavy,0.55,0.0,13.815512,9.0,9.0,0.0,1,261.777987,0.584651,0.0,145.37059,40.62941,0.781562
461,dependency_heavy,0.649,0.0,14.508658,9.0,9.22,0.22,1,262.426987,0.586631,0.0,146.19509,40.80491,0.781792
462,low_external_context,0.558695,0.0,13.815512,9.824344,9.862989,0.038644,1,262.985682,0.586804,0.0,123.917845,35.082155,0.779358
463,low_external_context,0.556782,0.0,13.815512,9.862989,9.893131,0.030143,1,263.542464,0.585735,0.0,124.696236,35.303764,0.779351
464,dependency_heavy,0.62722,0.0,14.508658,9.22,9.3916,0.1716,1,264.169684,0.58681,0.0,147.0087,40.9913,0.781961
465,low_external_context,0.55529,0.0,13.815512,9.893131,9.916642,0.023511,1,264.724974,0.584936,0.0,125.473881,35.526119,0.779341
466,low_external_context,0.558252,0.0,14.508658,9.916642,9.934981,0.018339,1,265.283227,0.585101,0.0,126.253007,35.746993,0.77934
467,missing_acceptance_criteria,0.649,0.0,14.508658,9.0,9.22,0.22,1,265.932227,0.585101,0.0,96.204406,26.795594,0.78215
468,low_external_context,0.556437,0.0,14.508658,9.934981,9.949285,0.014304,1,266.488663,0.58325,0.0,127.031226,35.968774,0.779333
469,missing_acceptance_criteria,0.55,0.0,0.0,9.22,9.0,0.0,1,267.038663,0.58325,0.0,96.979406,27.020594,0.782092
470,missing_acceptance_criteria,0.649,0.0,14.508658,9.0,9.22,0.22,1,267.687663,0.583685,0.0,97.803906,27.196094,0.782431
471,low_external_context,0.555021,0.0,14.508658,9.949285,9.960442,0.011157,1,268.242684,0.582581,0.0,127.808736,36.191264,0.779322
472,missing_acceptance_criteria,0.58861,0.0,13.815512,9.22,9.3916,0.1716,1,268.831294,0.582414,0.0,98.598211,27.401789,0.782525
473,missing_acceptance_criteria,0.610232,0.0,14.508658,9.3916,9.525448,0.133848,1,269.441526,0.583618,0.0,99.403327,27.596673,0.782703
474,dependency_heavy,0.55,0.0,0.0,9.3916,9.0,0.0,1,269.991526,0.583618,0.0,147.7837,41.2163,0.781924
475,low_external_context,0.55225,0.0,13.815512,9.960442,9.970442,0.01,1,270.543776,0.58293,0.0,128.584861,36.415139,0.779302
476,missing_acceptance_criteria,0.57349,0.0,13.815512,9.525448,9.629849,0.104401,1,271.117266,0.582829,0.0,100.190072,27.809928,0.782735
477,missing_acceptance_criteria,0.55,0.0,0.0,9.629849,9.0,0.0,1,271.667266,0.582829,0.0,100.965072,28.034928,0.782675
478,low_external_context,0.55225,0.0,13.815512,9.970442,9.980442,0.01,1,272.219516,0.582428,0.0,129.360986,36.639014,0.779283
479,low_external_context,0.55,0.0,0.0,9.980442,9.0,0.0,1,272.769516,0.580448,0.0,130.135986,36.864014,0.779257
480,dependency_heavy,0.55,0.0,13.815512,9.0,9.0,0.0,1,273.319516,0.5801,0.0,148.5587,41.4413,0.781888
481,missing_acceptance_criteria,0.649,0.0,14.508658,9.0,9.22,0.22,1,273.968516,0.580535,0.0,101.789572,28.210428,0.782997
482,dependency_heavy,0.55,0.0,13.815512,9.0,9.0,0.0,1,274.518516,0.579763,0.0,149.3337,41.6663,0.781852
483,missing_acceptance_criteria,0.55,0.0,0.0,9.22,9.0,0.0,1,275.068516,0.579763,0.0,102.564572,28.435428,0.782936
484,dependency_heavy,0.55,0.0,13.815512,9.0,9.0,0.0,1,275.618516,0.578559,0.0,150.1087,41.8913,0.781816
485,dependency_heavy,0.649,0.0,14.508658,9.0,9.22,0.22,1,276.267516,0.580539,0.0,150.9332,42.0668,0.782037
486,missing_acceptance_criteria,0.649,0.0,14.508658,9.0,9.22,0.22,1,276.916516,0.581529,0.0,103.389072,28.610928,0.783251
487,dependency_heavy,0.55,0.0,0.0,9.22,9.0,0.0,1,277.466516,0.581529,0.0,151.7082,42.2918,0.782001
488,missing_acceptance_criteria,0.62722,0.0,14.508658,9.22,9.3916,0.1716,1,278.093736,0.582083,0.0,104.202682,28.797318,0.783479
489,dependency_heavy,0.55,0.0,13.815512,9.0,9.0,0.0,1,278.643736,0.580539,0.0,152.4832,42.5168,0.781965
490,missing_acceptance_criteria,0.55,0.0,0.0,9.3916,9.0,0.0,1,279.193736,0.580539,0.0,104.977682,29.022318,0.783416
491,low_external_context,0.5995,0.0,13.815512,9.0,9.22,0.22,1,279.793236,0.580756,0.0,130.935736,37.064264,0.779379
492,low_external_context,0.62722,0.0,14.508658,9.22,9.3916,0.1716,1,280.420456,0.580321,0.0,131.749346,37.250654,0.779582
493,dependency_heavy,0.55,0.0,13.815512,9.0,9.0,0.0,1,280.970456,0.580321,0.0,153.2582,42.7418,0.78193
494,dependency_heavy,0.649,0.0,14.508658,9.0,9.22,0.22,1,281.619456,0.581311,0.0,154.0827,42.9173,0.782146
495,missing_acceptance_criteria,0.649,0.0,14.508658,9.0,9.22,0.22,1,282.268456,0.581746,0.0,105.802182,29.197818,0.78372
496,missing_acceptance_criteria,0.62722,0.0,14.508658,9.22,9.3916,0.1716,1,282.895676,0.582086,0.0,106.615792,29.384208,0.78394
497,low_external_context,0.55,0.0,0.0,9.3916,9.0,0.0,1,283.445676,0.580882,0.0,132.524346,37.475654,0.779555
498,missing_acceptance_criteria,0.610232,0.0,14.508658,9.3916,9.525448,0.133848,1,284.055908,0.581616,0.0,107.420908,29.579092,0.784094
499,missing_acceptance_criteria,0.596981,0.0,14.508658,9.525448,9.629849,0.104401,1,284.652888,0.58219,0.0,108.219398,29.780602,0.784199
500,missing_acceptance_criteria,0.568322,0.0,13.815512,9.629849,9.711283,0.081433,1,285.221211,0.582556,0.0,109.003559,29.996441,0.784198
501,low_external_context,0.649,0.0,14.508658,9.0,9.22,0.22,1,285.870211,0.584066,0.0,133.348846,37.651154,0.779818
502,low_external_context,0.62722,0.0,14.508658,9.22,9.3916,0.1716,1,286.497431,0.585611,0.0,134.162456,37.837544,0.780014
503,low_external_context,0.55,0.0,0.0,9.3916,9.0,0.0,1,287.047431,0.584878,0.0,134.937456,38.062544,0.779985
504,missing_acceptance_criteria,0.578583,0.0,14.508658,9.711283,9.7748,0.063518,1,287.626014,0.585163,0.0,109.792851,30.207149,0.784235
505,low_external_context,0.5995,0.0,13.815512,9.0,9.22,0.22,1,288.225514,0.586153,0.0,135.737206,38.262794,0.780099
506,dependency_heavy,0.55,0.0,0.0,9.22,9.0,0.0,1,288.775514,0.585931,0.0,154.8577,43.1423,0.78211
507,dependency_heavy,0.55,0.0,13.815512,9.0,9.0,0.0,1,289.325514,0.583951,0.0,155.6327,43.3673,0.782074
508,missing_acceptance_criteria,0.572295,0.0,14.508658,9.7748,9.824344,0.049544,1,289.897809,0.584396,0.0,110.578998,30.421002,0.784248
509,dependency_heavy,0.55,0.0,13.815512,9.0,9.0,0.0,1,290.447809,0.584396,0.0,156.4077,43.5923,0.782039
510,low_external_context,0.58861,0.0,13.815512,9.22,9.3916,0.1716,1,291.036419,0.585169,0.0,136.531511,38.468489,0.78018
511,dependency_heavy,0.649,0.0,14.508658,9.0,9.22,0.22,1,291.685419,0.585169,0.0,157.2322,43.7678,0.78225
512,dependency_heavy,0.55,0.0,0.0,9.22,9.0,0.0,1,292.235419,0.584995,0.0,158.0072,43.9928,0.782214
513,missing_acceptance_criteria,0.56739,0.0,14.508658,9.824344,9.862989,0.038644,1,292.802809,0.585207,0.0,111.362693,30.637307,0.784244
514,low_external_context,0.580116,0.0,13.815512,9.3916,9.525448,0.133848,1,293.382924,0.584265,0.0,137.321569,38.678431,0.780236
515,low_external_context,0.55,0.0,0.0,9.525448,9.0,0.0,1,293.932924,0.584159,0.0,138.096569,38.903431,0.780207
516,low_external_context,0.55,0.0,13.815512,9.0,9.0,0.0,1,294.482924,0.583994,0.0,138.871569,39.128431,0.780177
517,missing_acceptance_criteria,0.563564,0.0,14.508658,9.862989,9.893131,0.030143,1,295.046488,0.582285,0.0,112.144475,30.855525,0.784227
518,dependency_heavy,0.55,0.0,13.815512,9.0,9.0,0.0,1,295.596488,0.582157,0.0,158.7822,44.2178,0.782178
519,low_external_context,0.55,0.0,13.815512,9.0,9.0,0.0,1,296.146488,0.582157,0.0,139.646569,39.353431,0.780148
520,missing_acceptance_criteria,0.56058,0.0,14.508658,9.893131,9.916642,0.023511,1,296.707068,0.580388,0.0,112.924765,31.075235,0.7842
521,missing_acceptance_criteria,0.55,0.0,0.0,9.916642,9.0,0.0,1,297.257068,0.580288,0.0,113.699765,31.300235,0.784136
522,missing_acceptance_criteria,0.55,0.0,13.815512,9.0,9.0,0.0,1,297.807068,0.579515,0.0,114.474765,31.525235,0.784074
523,missing_acceptance_criteria,0.649,0.0,14.508658,9.0,9.22,0.22,1,298.456068,0.580291,0.0,115.299265,31.700735,0.784349
524,dependency_heavy,0.55,0.0,13.815512,9.0,9.0,0.0,1,299.006068,0.580291,0.0,159.5572,44.4428,0.782143
525,missing_acceptance_criteria,0.62722,0.0,14.508658,9.22,9.3916,0.1716,1,299.633288,0.58179,0.0,116.112875,31.887125,0.784546
526,missing_acceptance_criteria,0.610232,0.0,14.508658,9.3916,9.525448,0.133848,1,300.24352,0.582525,0.0,116.917991,32.082009,0.784685
527,missing_acceptance_criteria,0.596981,0.0,14.508658,9.525448,9.629849,0.104401,1,300.840501,0.583465,0.0,117.716481,32.283519,0.784777
528,dependency_heavy,0.55,0.0,13.815512,9.0,9.0,0.0,1,301.390501,0.58342,0.0,160.3322,44.6678,0.782108
529,missing_acceptance_criteria,0.586645,0.0,14.508658,9.629849,9.711283,0.081433,1,301.977146,0.584153,0.0,118.509804,32.490196,0.784833
530,missing_acceptance_criteria,0.578583,0.0,14.508658,9.711283,9.7748,0.063518,1,302.555729,0.584724,0.0,119.299095,32.700905,0.784862
531,missing_acceptance_criteria,0.572295,0.0,14.508658,9.7748,9.824344,0.049544,1,303.128023,0.58319,0.0,120.085243,32.914757,0.784871
532,low_external_context,0.55,0.0,13.815512,9.0,9.0,0.0,1,303.678023,0.58319,0.0,140.421569,39.578431,0.78012
533,low_external_context,0.5995,0.0,13.815512,9.0,9.22,0.22,1,304.277523,0.58418,0.0,141.221319,39.778681,0.780228
534,missing_acceptance_criteria,0.55,0.0,0.0,9.824344,9.0,0.0,1,304.827523,0.58418,0.0,120.860243,33.139757,0.784807
535,missing_acceptance_criteria,0.5995,0.0,13.815512,9.0,9.22,0.22,1,305.427023,0.58319,0.0,121.659993,33.340007,0.784903
536,missing_acceptance_criteria,0.62722,0.0,14.508658,9.22,9.3916,0.1716,1,306.054243,0.582755,0.0,122.473603,33.526397,0.785087
537,missing_acceptance_criteria,0.610232,0.0,14.508658,9.3916,9.525448,0.133848,1,306.664475,0.583959,0.0,123.278718,33.721282,0.785215
538,missing_acceptance_criteria,0.596981,0.0,14.508658,9.525448,9.629849,0.104401,1,307.261456,0.583354,0.0,124.077209,33.922791,0.785299
539,missing_acceptance_criteria,0.586645,0.0,14.508658,9.629849,9.711283,0.081433,1,307.848101,0.584087,0.0,124.870531,34.129469,0.785349
540,dependency_heavy,0.649,0.0,14.508658,9.0,9.22,0.22,1,308.497101,0.586067,0.0,161.1567,44.8433,0.782314
541,missing_acceptance_criteria,0.578583,0.0,14.508658,9.711283,9.7748,0.063518,1,309.075684,0.585649,0.0,125.659823,34.340177,0.785374
542,missing_acceptance_criteria,0.561147,0.0,13.815512,9.7748,9.824344,0.049544,1,309.636831,0.584327,0.0,126.440396,34.559604,0.785344
543,missing_acceptance_criteria,0.55,0.0,0.0,9.824344,9.0,0.0,1,310.186831,0.584327,0.0,127.215396,34.784604,0.78528
544,low_external_context,0.62722,0.0,14.508658,9.22,9.3916,0.1716,1,310.814051,0.583892,0.0,142.034929,39.965071,0.780412
545,missing_acceptance_criteria,0.649,0.0,14.508658,9.0,9.22,0.22,1,311.463051,0.583892,0.0,128.039896,34.960104,0.785521
546,missing_acceptance_criteria,0.58861,0.0,14.914123,9.22,9.3916,0.1716,1,312.051661,0.58312,0.0,128.834201,35.165799,0.785574
547,missing_acceptance_criteria,0.610232,0.0,14.508658,9.3916,9.525448,0.133848,1,312.661893,0.584324,0.0,129.639317,35.360683,0.785693
548,missing_acceptance_criteria,0.55,0.0,0.0,9.525448,9.0,0.0,1,313.211893,0.58312,0.0,130.414317,35.585683,0.785628
549,low_external_context,0.580116,0.0,13.815512,9.3916,9.525448,0.133848,1,313.792008,0.582782,0.0,142.824987,40.175013,0.780464
550,low_external_context,0.55,0.0,0.0,9.525448,9.0,0.0,1,314.342008,0.582416,0.0,143.599987,40.400013,0.780435
551,missing_acceptance_criteria,0.649,0.0,14.508658,9.0,9.22,0.22,1,314.991008,0.582416,0.0,131.238817,35.761183,0.785861
552,missing_acceptance_criteria,0.62722,0.0,14.508658,9.22,9.3916,0.1716,1,315.618228,0.582416,0.0,132.052427,35.947573,0.786026
553,dependency_heavy,0.62722,0.0,14.508658,9.22,9.3916,0.1716,1,316.245448,0.58396,0.0,161.97031,45.02969,0.782465
554,low_external_context,0.649,0.0,14.508658,9.0,9.22,0.22,1,316.894448,0.585369,0.0,144.424487,40.575513,0.780673
555,dependency_heavy,0.610232,0.0,14.508658,9.3916,9.525448,0.133848,1,317.50468,0.585583,0.0,162.775426,45.224574,0.782574
556,low_external_context,0.58861,0.0,13.815512,9.22,9.3916,0.1716,1,318.09329,0.586356,0.0,145.218792,40.781208,0.780746
557,dependency_heavy,0.596981,0.0,14.508658,9.525448,9.629849,0.104401,1,318.690271,0.587295,0.0,163.573916,45.426084,0.78265
558,dependency_heavy,0.586645,0.0,14.508658,9.629849,9.711283,0.081433,1,319.276916,0.587582,0.0,164.367239,45.632761,0.782701
559,dependency_heavy,0.55,0.0,0.0,9.711283,9.0,0.0,1,319.826916,0.587582,0.0,165.142239,45.857761,0.782665
560,low_external_context,0.610232,0.0,14.508658,9.3916,9.525448,0.133848,1,320.437147,0.588015,0.0,146.023908,40.976092,0.780877
561,dependency_heavy,0.55,0.0,13.815512,9.0,9.0,0.0,1,320.987147,0.586035,0.0,165.917239,46.082761,0.782628
562,dependency_heavy,0.649,0.0,14.508658,9.0,9.22,0.22,1,321.636147,0.588015,0.0,166.741739,46.258261,0.782825
563,dependency_heavy,0.62722,0.0,14.508658,9.22,9.3916,0.1716,1,322.263367,0.589211,0.0,167.555349,46.444651,0.782969
564,missing_acceptance_criteria,0.610232,0.0,14.508658,9.3916,9.525448,0.133848,1,322.873599,0.589813,0.0,132.857543,36.142457,0.786139
565,missing_acceptance_criteria,0.55,0.0,0.0,9.525448,9.0,0.0,1,323.423599,0.589813,0.0,133.632543,36.367457,0.786074
566,low_external_context,0.57349,0.0,13.815512,9.525448,9.629849,0.104401,1,323.997089,0.590283,0.0,146.810653,41.189347,0.780908
567,low_external_context,0.586645,0.0,14.508658,9.629849,9.711283,0.081433,1,324.583734,0.590745,0.0,147.603975,41.396025,0.780973
568,missing_acceptance_criteria,0.55,0.0,13.815512,9.0,9.0,0.0,1,325.133734,0.590745,0.0,134.407543,36.592457,0.786009
569,missing_acceptance_criteria,0.55,0.0,13.815512,9.0,9.0,0.0,1,325.683734,0.590745,0.0,135.182543,36.817457,0.785945
570,low_external_context,0.564292,0.0,13.815512,9.711283,9.7748,0.063518,1,326.248025,0.590819,0.0,148.386121,41.613879,0.78098
571,missing_acceptance_criteria,0.649,0.0,14.508658,9.0,9.22,0.22,1,326.897025,0.592799,0.0,136.007043,36.992957,0.786168
572,low_external_context,0.572295,0.0,14.508658,9.7748,9.824344,0.049544,1,327.46932,0.593245,0.0,149.172268,41.827732,0.781007
573,low_external_context,0.558695,0.0,13.815512,9.824344,9.862989,0.038644,1,328.028015,0.591439,0.0,149.951616,42.048384,0.780998
574,missing_acceptance_criteria,0.62722,0.0,14.508658,9.22,9.3916,0.1716,1,328.655235,0.592983,0.0,136.820653,37.179347,0.786326
575,missing_acceptance_criteria,0.610232,0.0,14.508658,9.3916,9.525448,0.133848,1,329.265467,0.592644,0.0,137.625769,37.374231,0.786433
576,low_external_context,0.556782,0.0,13.815512,9.862989,9.893131,0.030143,1,329.822249,0.591575,0.0,150.730007,42.269993,0.780984
577,low_external_context,0.56058,0.0,14.508658,9.893131,9.916642,0.023511,1,330.382829,0.590847,0.0,151.510297,42.489703,0.780981
578,low_external_context,0.554126,0.0,13.815512,9.916642,9.934981,0.018339,1,330.936955,0.590929,0.0,152.28736,42.71264,0.780961
579,low_external_context,0.55,0.0,0.0,9.934981,9.0,0.0,1,331.486955,0.590196,0.0,153.06236,42.93764,0.78093
580,dependency_heavy,0.610232,0.0,14.508658,9.3916,9.525448,0.133848,1,332.097187,0.590829,0.0,168.360465,46.639535,0.783072
581,low_external_context,0.5995,0.0,13.815512,9.0,9.22,0.22,1,332.696687,0.591373,0.0,153.86211,43.13789,0.781026
582,low_external_context,0.58861,0.0,13.815512,9.22,9.3916,0.1716,1,333.285297,0.592145,0.0,154.656415,43.343585,0.781093
583,low_external_context,0.55,0.0,0.0,9.3916,9.0,0.0,1,333.835297,0.591155,0.0,155.431415,43.568585,0.781062
584,dependency_heavy,0.55,0.0,0.0,9.525448,9.0,0.0,1,334.385297,0.591155,0.0,169.135465,46.864535,0.783035
585,missing_acceptance_criteria,0.596981,0.0,14.508658,9.525448,9.629849,0.104401,1,334.982277,0.591105,0.0,138.424259,37.575741,0.786501
586,dependency_heavy,0.55,0.0,13.815512,9.0,9.0,0.0,1,335.532277,0.589561,0.0,169.910465,47.089535,0.782998
587,low_external_context,0.649,0.0,14.508658,9.0,9.22,0.22,1,336.181277,0.590336,0.0,156.255915,43.744085,0.78128
588,low_external_context,0.62722,0.0,14.508658,9.22,9.3916,0.1716,1,336.808497,0.590941,0.0,157.069525,43.930475,0.78144
589,dependency_heavy,0.55,0.0,13.815512,9.0,9.0,0.0,1,337.358497,0.590208,0.0,170.685465,47.314535,0.782961
590,missing_acceptance_criteria,0.568322,0.0,13.815512,9.629849,9.711283,0.081433,1,337.92682,0.588594,0.0,139.20842,37.79158,0.786488
591,low_external_context,0.580116,0.0,13.815512,9.3916,9.525448,0.133848,1,338.506936,0.588625,0.0,157.859583,44.140417,0.781483
592,missing_acceptance_criteria,0.564292,0.0,13.815512,9.711283,9.7748,0.063518,1,339.071227,0.588688,0.0,139.990566,38.009434,0.786464
593,dependency_heavy,0.55,0.0,13.815512,9.0,9.0,0.0,1,339.621227,0.588688,0.0,171.460465,47.539535,0.782924
594,dependency_heavy,0.55,0.0,13.815512,9.0,9.0,0.0,1,340.171227,0.587144,0.0,172.235465,47.764535,0.782888
595,dependency_heavy,0.649,0.0,14.508658,9.0,9.22,0.22,1,340.820227,0.587144,0.0,173.059965,47.940035,0.783077
596,low_external_context,0.57349,0.0,13.815512,9.525448,9.629849,0.104401,1,341.393717,0.586841,0.0,158.646328,44.353672,0.781509
597,missing_acceptance_criteria,0.561147,0.0,13.815512,9.7748,9.824344,0.049544,1,341.954865,0.585859,0.0,140.77114,38.22886,0.786431
598,low_external_context,0.55,0.0,0.0,9.629849,9.0,0.0,1,342.504865,0.585859,0.0,159.421328,44.578672,0.781477
599,missing_acceptance_criteria,0.56739,0.0,14.508658,9.824344,9.862989,0.038644,1,343.072255,0.585605,0.0,141.554835,38.445165,0.786416
600,low_external_context,0.5995,0.0,13.815512,9.0,9.22,0.22,1,343.671755,0.586595,0.0,160.221078,44.778922,0.781566
601,dependency_heavy,0.55,0.0,0.0,9.22,9.0,0.0,1,344.221755,0.584615,0.0,173.834965,48.165035,0.78304
602,dependency_heavy,0.55,0.0,13.815512,9.0,9.0,0.0,1,344.771755,0.583071,0.0,174.609965,48.390035,0.783004
603,dependency_heavy,0.55,0.0,13.815512,9.0,9.0,0.0,1,345.321755,0.581526,0.0,175.384965,48.615035,0.782969
604,dependency_heavy,0.55,0.0,13.815512,9.0,9.0,0.0,1,345.871755,0.579546,0.0,176.159965,48.840035,0.782933
605,low_external_context,0.58861,0.0,13.815512,9.22,9.3916,0.1716,1,346.460365,0.579114,0.0,161.015383,44.984617,0.781628
606,dependency_heavy,0.55,0.0,13.815512,9.0,9.0,0.0,1,347.010365,0.578341,0.0,176.934965,49.065035,0.782898
607,missing_acceptance_criteria,0.563564,0.0,14.508658,9.862989,9.893131,0.030143,1,347.573929,0.577673,0.0,142.336617,38.663383,0.78639
608,missing_acceptance_criteria,0.55,0.0,0.0,9.893131,9.0,0.0,1,348.123929,0.57694,0.0,143.111617,38.888383,0.786328
609,low_external_context,0.580116,0.0,13.815512,9.3916,9.525448,0.133848,1,348.704045,0.577543,0.0,161.805441,45.194559,0.781669
610,dependency_heavy,0.55,0.0,13.815512,9.0,9.0,0.0,1,349.254045,0.576338,0.0,177.709965,49.290035,0.782863
611,missing_acceptance_criteria,0.5995,0.0,13.815512,9.0,9.22,0.22,1,349.853545,0.577328,0.0,143.911367,39.088633,0.786401
612,low_external_context,0.57349,0.0,13.815512,9.525448,9.629849,0.104401,1,350.427035,0.575818,0.0,162.592186,45.407814,0.781693
613,low_external_context,0.568322,0.0,13.815512,9.629849,9.711283,0.081433,1,350.995357,0.57464,0.0,163.376347,45.623653,0.781705
614,dependency_heavy,0.649,0.0,14.508658,9.0,9.22,0.22,1,351.644357,0.575415,0.0,178.534465,49.465535,0.783046
615,missing_acceptance_criteria,0.62722,0.0,14.508658,9.22,9.3916,0.1716,1,352.271577,0.57696,0.0,144.724977,39.275023,0.786549
616,missing_acceptance_criteria,0.55,0.0,0.0,9.3916,9.0,0.0,1,352.821577,0.57649,0.0,145.499977,39.500023,0.786486
617,missing_acceptance_criteria,0.649,0.0,14.508658,9.0,9.22,0.22,1,353.470577,0.577737,0.0,146.324477,39.675523,0.786691
618,low_external_context,0.564292,0.0,13.815512,9.711283,9.7748,0.063518,1,354.034869,0.578023,0.0,164.158493,45.841507,0.781707
619,missing_acceptance_criteria,0.62722,0.0,14.508658,9.22,9.3916,0.1716,1,354.662089,0.579567,0.0,147.138087,39.861913,0.786835
620,missing_acceptance_criteria,0.610232,0.0,14.508658,9.3916,9.525448,0.133848,1,355.272321,0.580486,0.0,147.943203,40.056797,0.786932
621,low_external_context,0.561147,0.0,13.815512,9.7748,9.824344,0.049544,1,355.833468,0.578729,0.0,164.939067,46.060933,0.781702
622,missing_acceptance_criteria,0.55,0.0,0.0,9.525448,9.0,0.0,1,356.383468,0.578283,0.0,148.718203,40.281797,0.786869
623,low_external_context,0.558695,0.0,13.815512,9.824344,9.862989,0.038644,1,356.942163,0.578283,0.0,165.718414,46.281586,0.781691
624,low_external_context,0.563564,0.0,14.508658,9.862989,9.893131,0.030143,1,357.505727,0.57701,0.0,166.500196,46.499804,0.781691
625,missing_acceptance_criteria,0.55,0.0,13.815512,9.0,9.0,0.0,1,358.055727,0.575805,0.0,149.493203,40.506797,0.786806
626,dependency_heavy,0.62722,0.0,14.508658,9.22,9.3916,0.1716,1,358.682947,0.577214,0.0,179.348075,49.651925,0.783179
627,missing_acceptance_criteria,0.5995,0.0,13.815512,9.0,9.22,0.22,1,359.282447,0.577992,0.0,150.292953,40.707047,0.786874
628,missing_acceptance_criteria,0.62722,0.0,14.508658,9.22,9.3916,0.1716,1,359.909667,0.579454,0.0,151.106563,40.893437,0.787013
629,dependency_heavy,0.610232,0.0,14.508658,9.3916,9.525448,0.133848,1,360.519899,0.580659,0.0,180.15319,49.84681,0.783275
630,dependency_heavy,0.55,0.0,0.0,9.525448,9.0,0.0,1,361.069899,0.579454,0.0,180.92819,50.07181,0.783239
631,dependency_heavy,0.55,0.0,13.815512,9.0,9.0,0.0,1,361.619899,0.578464,0.0,181.70319,50.29681,0.783203
632,low_external_context,0.55,0.0,0.0,9.893131,9.0,0.0,1,362.169899,0.577692,0.0,167.275196,46.724804,0.78166
633,dependency_heavy,0.55,0.0,13.815512,9.0,9.0,0.0,1,362.719899,0.577692,0.0,182.47819,50.52181,0.783168
634,dependency_heavy,0.55,0.0,13.815512,9.0,9.0,0.0,1,363.269899,0.577692,0.0,183.25319,50.74681,0.783133
635,low_external_context,0.55,0.0,13.815512,9.0,9.0,0.0,1,363.819899,0.576752,0.0,168.050196,46.949804,0.781629
636,low_external_context,0.5995,0.0,13.815512,9.0,9.22,0.22,1,364.419399,0.577742,0.0,168.849946,47.150054,0.781713
637,dependency_heavy,0.55,0.0,13.815512,9.0,9.0,0.0,1,364.969399,0.575762,0.0,184.02819,50.97181,0.783099
638,low_external_context,0.55,0.0,0.0,9.22,9.0,0.0,1,365.519399,0.574218,0.0,169.624946,47.375054,0.781682
639,missing_acceptance_criteria,0.580116,0.0,13.815512,9.3916,9.525448,0.133848,1,366.099514,0.57482,0.0,151.896621,41.103379,0.787029
640,missing_acceptance_criteria,0.596981,0.0,14.508658,9.525448,9.629849,0.104401,1,366.696495,0.575394,0.0,152.695111,41.304889,0.787088
641,dependency_heavy,0.649,0.0,14.508658,9.0,9.22,0.22,1,367.345495,0.576771,0.0,184.85269,51.14731,0.783274
642,dependency_heavy,0.62722,0.0,14.508658,9.22,9.3916,0.1716,1,367.972715,0.57803,0.0,185.6663,51.3337,0.783402
643,missing_acceptance_criteria,0.568322,0.0,13.815512,9.629849,9.711283,0.081433,1,368.541038,0.578396,0.0,153.479272,41.520728,0.787073
644,dependency_heavy,0.55,0.0,0.0,9.3916,9.0,0.0,1,369.091038,0.578396,0.0,186.4413,51.5587,0.783367
645,missing_acceptance_criteria,0.55,0.0,0.0,9.711283,9.0,0.0,1,369.641038,0.576416,0.0,154.254272,41.745728,0.787012
646,missing_acceptance_criteria,0.5995,0.0,13.815512,9.0,9.22,0.22,1,370.240538,0.576936,0.0,155.054022,41.945978,0.787076
647,low_external_context,0.649,0.0,14.508658,9.0,9.22,0.22,1,370.889538,0.578693,0.0,170.449446,47.550554,0.781878
648,missing_acceptance_criteria,0.62722,0.0,14.508658,9.22,9.3916,0.1716,1,371.516758,0.580238,0.0,155.867632,42.132368,0.78721
649,missing_acceptance_criteria,0.610232,0.0,14.508658,9.3916,9.525448,0.133848,1,372.126989,0.581095,0.0,156.672748,42.327252,0.7873
650,missing_acceptance_criteria,0.596981,0.0,14.508658,9.525448,9.629849,0.104401,1,372.72397,0.581044,0.0,157.471238,42.528762,0.787356
651,low_external_context,0.58861,0.0,13.815512,9.22,9.3916,0.1716,1,373.31258,0.581817,0.0,171.243751,47.756249,0.781935
652,missing_acceptance_criteria,0.586645,0.0,14.508658,9.629849,9.711283,0.081433,1,373.899225,0.582549,0.0,158.264561,42.735439,0.787386
653,low_external_context,0.610232,0.0,14.508658,9.3916,9.525448,0.133848,1,374.509456,0.583754,0.0,172.048867,47.951133,0.78204
654,missing_acceptance_criteria,0.578583,0.0,14.508658,9.711283,9.7748,0.063518,1,375.088039,0.584326,0.0,159.053852,42.946148,0.787395
655,dependency_heavy,0.649,0.0,14.508658,9.0,9.22,0.22,1,375.737039,0.585533,0.0,187.2658,51.7342,0.783539
656,dependency_heavy,0.55,0.0,0.0,9.22,9.0,0.0,1,376.287039,0.585533,0.0,188.0408,51.9592,0.783503
657,dependency_heavy,0.55,0.0,13.815512,9.0,9.0,0.0,1,376.837039,0.585262,0.0,188.8158,52.1842,0.783468
658,missing_acceptance_criteria,0.561147,0.0,13.815512,9.7748,9.824344,0.049544,1,377.398187,0.585485,0.0,159.834426,43.165574,0.787362
659,dependency_heavy,0.55,0.0,13.815512,9.0,9.0,0.0,1,377.948187,0.584883,0.0,189.5908,52.4092,0.783433
660,missing_acceptance_criteria,0.55,0.0,0.0,9.824344,9.0,0.0,1,378.498187,0.584883,0.0,160.609426,43.390574,0.787301
661,missing_acceptance_criteria,0.5995,0.0,13.815512,9.0,9.22,0.22,1,379.097687,0.584883,0.0,161.409176,43.590824,0.787362
662,missing_acceptance_criteria,0.62722,0.0,14.508658,9.22,9.3916,0.1716,1,379.724907,0.585957,0.0,162.222786,43.777214,0.787489
663,low_external_context,0.596981,0.0,14.508658,9.525448,9.629849,0.104401,1,380.321887,0.586531,0.0,172.847357,48.152643,0.782115
664,missing_acceptance_criteria,0.55,0.0,0.0,9.3916,9.0,0.0,1,380.871887,0.584551,0.0,162.997786,44.002214,0.787429
665,dependency_heavy,0.55,0.0,13.815512,9.0,9.0,0.0,1,381.421887,0.583006,0.0,190.3658,52.6342,0.783398
666,low_external_context,0.55,0.0,0.0,9.629849,9.0,0.0,1,381.971887,0.583006,0.0,173.622357,48.377643,0.782083
667,dependency_heavy,0.55,0.0,13.815512,9.0,9.0,0.0,1,382.521887,0.581026,0.0,191.1408,52.8592,0.783364
668,missing_acceptance_criteria,0.5995,0.0,14.914123,9.0,9.22,0.22,1,383.121387,0.58173,0.0,163.797536,44.202464,0.787488
669,dependency_heavy,0.55,0.0,13.815512,9.0,9.0,0.0,1,383.671387,0.580186,0.0,191.9158,53.0842,0.78333
670,dependency_heavy,0.649,0.0,14.508658,9.0,9.22,0.22,1,384.320387,0.580961,0.0,192.7403,53.2597,0.783497
671,low_external_context,0.5995,0.0,13.815512,9.0,9.22,0.22,1,384.919887,0.581728,0.0,174.422107,48.577893,0.782162
672,missing_acceptance_criteria,0.62722,0.0,14.508658,9.22,9.3916,0.1716,1,385.547107,0.583273,0.0,164.611146,44.388854,0.787613
673,missing_acceptance_criteria,0.55,0.0,0.0,9.3916,9.0,0.0,1,386.097107,0.583099,0.0,165.386146,44.613854,0.787553
674,low_external_context,0.58861,0.0,13.815512,9.22,9.3916,0.1716,1,386.685717,0.5836,0.0,175.216412,48.783588,0.782216
675,dependency_heavy,0.55,0.0,0.0,9.22,9.0,0.0,1,387.235717,0.5836,0.0,193.5153,53.4847,0.783463
676,missing_acceptance_criteria,0.649,0.0,14.508658,9.0,9.22,0.22,1,387.884717,0.584035,0.0,166.210646,44.789354,0.787728
677,dependency_heavy,0.55,0.0,13.815512,9.0,9.0,0.0,1,388.434717,0.583045,0.0,194.2903,53.7097,0.783429
678,dependency_heavy,0.55,0.0,13.815512,9.0,9.0,0.0,1,388.984717,0.581501,0.0,195.0653,53.9347,0.783395
679,dependency_heavy,0.55,0.0,13.815512,9.0,9.0,0.0,1,389.534717,0.580296,0.0,195.8403,54.1597,0.783361
680,missing_acceptance_criteria,0.62722,0.0,14.508658,9.22,9.3916,0.1716,1,390.161937,0.581841,0.0,167.024256,44.975744,0.78785
681,low_external_context,0.610232,0.0,14.508658,9.3916,9.525448,0.133848,1,390.772169,0.583045,0.0,176.021528,48.978472,0.782318
682,dependency_heavy,0.55,0.0,13.815512,9.0,9.0,0.0,1,391.322169,0.583045,0.0,196.6153,54.3847,0.783328
683,low_external_context,0.55,0.0,0.0,9.525448,9.0,0.0,1,391.872169,0.583045,0.0,176.796528,49.203472,0.782286
684,low_external_context,0.5995,0.0,13.815512,9.0,9.22,0.22,1,392.471669,0.584035,0.0,177.596278,49.403722,0.782362
685,low_external_context,0.62722,0.0,14.508658,9.22,9.3916,0.1716,1,393.098889,0.58558,0.0,178.409888,49.590112,0.7825
686,dependency_heavy,0.649,0.0,14.508658,9.0,9.22,0.22,1,393.747889,0.58657,0.0,197.4398,54.5602,0.783491
687,low_external_context,0.55,0.0,0.0,9.3916,9.0,0.0,1,394.297889,0.58657,0.0,179.184888,49.815112,0.782467
688,low_external_context,0.649,0.0,14.508658,9.0,9.22,0.22,1,394.946889,0.58855,0.0,180.009388,49.990612,0.78265
689,missing_acceptance_criteria,0.610232,0.0,14.508658,9.3916,9.525448,0.133848,1,395.557121,0.589152,0.0,167.829372,45.170628,0.787931
690,low_external_context,0.62722,0.0,14.508658,9.22,9.3916,0.1716,1,396.184341,0.589757,0.0,180.822998,50.177002,0.782784
691,dependency_heavy,0.55,0.0,0.0,9.22,9.0,0.0,1,396.734341,0.587777,0.0,198.2148,54.7852,0.783458
692,low_external_context,0.580116,0.0,13.815512,9.3916,9.525448,0.133848,1,397.314456,0.586835,0.0,181.613056,50.386944,0.782815
693,dependency_heavy,0.55,0.0,13.815512,9.0,9.0,0.0,1,397.864456,0.586468,0.0,198.9898,55.0102,0.783424
694,dependency_heavy,0.55,0.0,13.815512,9.0,9.0,0.0,1,398.414456,0.586468,0.0,199.7648,55.2352,0.783391
695,dependency_heavy,0.55,0.0,13.815512,9.0,9.0,0.0,1,398.964456,0.586468,0.0,200.5398,55.4602,0.783359
696,low_external_context,0.57349,0.0,13.815512,9.525448,9.629849,0.104401,1,399.537947,0.585948,0.0,182.399801,50.600199,0.782832
697,dependency_heavy,0.55,0.0,13.815512,9.0,9.0,0.0,1,400.087947,0.583968,0.0,201.3148,55.6852,0.783326
698,low_external_context,0.55,0.0,0.0,9.629849,9.0,0.0,1,400.637947,0.582424,0.0,183.174801,50.825199,0.782798
699,missing_acceptance_criteria,0.57349,0.0,14.914123,9.525448,9.629849,0.104401,1,401.211437,0.581689,0.0,168.616117,45.383883,0.787926
700,missing_acceptance_criteria,0.586645,0.0,14.508658,9.629849,9.711283,0.081433,1,401.798082,0.581482,0.0,169.409439,45.590561,0.787951
701,dependency_heavy,0.55,0.0,13.815512,9.0,9.0,0.0,1,402.348082,0.58071,0.0,202.0898,55.9102,0.783294
702,dependency_heavy,0.55,0.0,13.815512,9.0,9.0,0.0,1,402.898082,0.579977,0.0,202.8648,56.1352,0.783262
703,low_external_context,0.55,0.0,13.815512,9.0,9.0,0.0,1,403.448082,0.578773,0.0,183.949801,51.050199,0.782765
704,dependency_heavy,0.55,0.0,13.815512,9.0,9.0,0.0,1,403.998082,0.578201,0.0,203.6398,56.3602,0.78323
705,low_external_context,0.5995,0.0,13.815512,9.0,9.22,0.22,1,404.597582,0.577211,0.0,184.749551,51.250449,0.782837
706,low_external_context,0.55,0.0,0.0,9.22,9.0,0.0,1,405.147582,0.577211,0.0,185.524551,51.475449,0.782804
707,missing_acceptance_criteria,0.564292,0.0,13.815512,9.711283,9.7748,0.063518,1,405.711873,0.577497,0.0,170.191585,45.808415,0.787924
708,missing_acceptance_criteria,0.55,0.0,0.0,9.7748,9.0,0.0,1,406.261873,0.577274,0.0,170.966585,46.033415,0.787864
709,dependency_heavy,0.55,0.0,13.815512,9.0,9.0,0.0,1,406.811873,0.577274,0.0,204.4148,56.5852,0.783198
710,dependency_heavy,0.649,0.0,14.508658,9.0,9.22,0.22,1,407.460873,0.579254,0.0,205.2393,56.7607,0.783356
711,missing_acceptance_criteria,0.55,0.0,13.815512,9.0,9.0,0.0,1,408.010873,0.578264,0.0,171.741585,46.258415,0.787805
712,missing_acceptance_criteria,0.649,0.0,14.508658,9.0,9.22,0.22,1,408.659873,0.578699,0.0,172.566085,46.433915,0.787973
713,low_external_context,0.55,0.0,13.815512,9.0,9.0,0.0,1,409.209873,0.57776,0.0,186.299551,51.700449,0.782771
714,missing_acceptance_criteria,0.62722,0.0,14.508658,9.22,9.3916,0.1716,1,409.837093,0.579304,0.0,173.379695,46.620305,0.78809
715,missing_acceptance_criteria,0.610232,0.0,14.508658,9.3916,9.525448,0.133848,1,410.447325,0.580509,0.0,174.184811,46.815189,0.788167
716,low_external_context,0.55,0.0,13.815512,9.0,9.0,0.0,1,410.997325,0.580509,0.0,187.074551,51.925449,0.782739
717,dependency_heavy,0.55,0.0,0.0,9.22,9.0,0.0,1,411.547325,0.580509,0.0,206.0143,56.9857,0.783324
718,dependency_heavy,0.55,0.0,13.815512,9.0,9.0,0.0,1,412.097325,0.579519,0.0,206.7893,57.2107,0.783293
719,missing_acceptance_criteria,0.55,0.0,0.0,9.525448,9.0,0.0,1,412.647325,0.579519,0.0,174.959811,47.040189,0.788107
720,missing_acceptance_criteria,0.5995,0.0,13.815512,9.0,9.22,0.22,1,413.246825,0.578529,0.0,175.759561,47.240439,0.788159
721,dependency_heavy,0.649,0.0,14.508658,9.0,9.22,0.22,1,413.895825,0.579519,0.0,207.6138,57.3862,0.783448
722,missing_acceptance_criteria,0.55,0.0,0.0,9.22,9.0,0.0,1,414.445825,0.577974,0.0,176.534561,47.465439,0.788101
723,dependency_heavy,0.55,0.0,0.0,9.22,9.0,0.0,1,414.995825,0.577974,0.0,208.3888,57.6112,0.783417
724,missing_acceptance_criteria,0.55,0.0,13.815512,9.0,9.0,0.0,1,415.545825,0.577202,0.0,177.309561,47.690439,0.788042
725,low_external_context,0.649,0.0,14.508658,9.0,9.22,0.22,1,416.194825,0.579182,0.0,187.899051,52.100949,0.782913
726,dependency_heavy,0.649,0.0,14.508658,9.0,9.22,0.22,1,416.843825,0.579182,0.0,209.2133,57.7867,0.78357
727,low_external_context,0.58861,0.0,13.815512,9.22,9.3916,0.1716,1,417.432435,0.579954,0.0,188.693356,52.306644,0.78296
728,missing_acceptance_criteria,0.55,0.0,13.815512,9.0,9.0,0.0,1,417.982435,0.579954,0.0,178.084561,47.915439,0.787985
729,missing_acceptance_criteria,0.55,0.0,13.815512,9.0,9.0,0.0,1,418.532435,0.579954,0.0,178.859561,48.140439,0.787928
730,dependency_heavy,0.55,0.0,0.0,9.22,9.0,0.0,1,419.082435,0.57841,0.0,209.9883,58.0117,0.783538
731,dependency_heavy,0.649,0.0,14.508658,9.0,9.22,0.22,1,419.731435,0.579185,0.0,210.8128,58.1872,0.783691
732,dependency_heavy,0.55,0.0,0.0,9.22,9.0,0.0,1,420.281435,0.579185,0.0,211.5878,58.4122,0.783659
733,low_external_context,0.580116,0.0,13.815512,9.3916,9.525448,0.133848,1,420.861551,0.579788,0.0,189.483414,52.516586,0.782989
734,missing_acceptance_criteria,0.55,0.0,13.815512,9.0,9.0,0.0,1,421.411551,0.578798,0.0,179.634561,48.365439,0.787871
735,missing_acceptance_criteria,0.649,0.0,14.508658,9.0,9.22,0.22,1,422.060551,0.579233,0.0,180.459061,48.540939,0.788031
736,dependency_heavy,0.55,0.0,13.815512,9.0,9.0,0.0,1,422.610551,0.577253,0.0,212.3628,58.6372,0.783627
737,low_external_context,0.55,0.0,0.0,9.525448,9.0,0.0,1,423.160551,0.577253,0.0,190.258414,52.741586,0.782956
738,dependency_heavy,0.55,0.0,13.815512,9.0,9.0,0.0,1,423.710551,0.575273,0.0,213.1378,58.8622,0.783595
739,missing_acceptance_criteria,0.62722,0.0,14.508658,9.22,9.3916,0.1716,1,424.337771,0.575613,0.0,181.272671,48.727329,0.788142
740,dependency_heavy,0.649,0.0,14.508658,9.0,9.22,0.22,1,424.986771,0.576049,0.0,213.9623,59.0377,0.783745
741,missing_acceptance_criteria,0.580116,0.0,13.815512,9.3916,9.525448,0.133848,1,425.566887,0.576651,0.0,182.062729,48.937271,0.78815
742,low_external_context,0.55,0.0,13.815512,9.0,9.0,0.0,1,426.116887,0.576049,0.0,191.033414,52.966586,0.782924
743,missing_acceptance_criteria,0.596981,0.0,14.508658,9.525448,9.629849,0.104401,1,426.713867,0.576988,0.0,182.861219,49.138781,0.788195
744,missing_acceptance_criteria,0.55,0.0,0.0,9.629849,9.0,0.0,1,427.263867,0.576988,0.0,183.636219,49.363781,0.788138
745,low_external_context,0.5995,0.0,13.815512,9.0,9.22,0.22,1,427.863367,0.577978,0.0,191.833164,53.166836,0.782993
746,low_external_context,0.55,0.0,0.0,9.22,9.0,0.0,1,428.413367,0.577508,0.0,192.608164,53.391836,0.78296
747,dependency_heavy,0.55,0.0,0.0,9.22,9.0,0.0,1,428.963367,0.577508,0.0,214.7373,59.2627,0.783713
748,missing_acceptance_criteria,0.5995,0.0,13.815512,9.0,9.22,0.22,1,429.562867,0.578498,0.0,184.435969,49.564031,0.788188
749,missing_acceptance_criteria,0.62722,0.0,14.508658,9.22,9.3916,0.1716,1,430.190087,0.579573,0.0,185.249579,49.750421,0.788296
750,missing_acceptance_criteria,0.55,0.0,0.0,9.3916,9.0,0.0,1,430.740087,0.57884,0.0,186.024579,49.975421,0.78824
751,low_external_context,0.649,0.0,14.508658,9.0,9.22,0.22,1,431.389087,0.58082,0.0,193.432664,53.567336,0.783128
752,low_external_context,0.55,0.0,0.0,9.22,9.0,0.0,1,431.939087,0.58082,0.0,194.207664,53.792336,0.783095
753,low_external_context,0.55,0.0,13.815512,9.0,9.0,0.0,1,432.489087,0.58082,0.0,194.982664,54.017336,0.783063
754,missing_acceptance_criteria,0.649,0.0,14.508658,9.0,9.22,0.22,1,433.138087,0.5828,0.0,186.849079,50.150921,0.788393
755,low_external_context,0.55,0.0,13.815512,9.0,9.0,0.0,1,433.688087,0.58181,0.0,195.757664,54.242336,0.783031
756,missing_acceptance_criteria,0.62722,0.0,14.508658,9.22,9.3916,0.1716,1,434.315307,0.583355,0.0,187.662689,50.337311,0.788499
757,missing_acceptance_criteria,0.610232,0.0,14.508658,9.3916,9.525448,0.133848,1,434.925539,0.584273,0.0,188.467805,50.532195,0.788568
758,missing_acceptance_criteria,0.596981,0.0,14.508658,9.525448,9.629849,0.104401,1,435.522519,0.585213,0.0,189.266295,50.733705,0.78861
759,dependency_heavy,0.649,0.0,14.508658,9.0,9.22,0.22,1,436.171519,0.587193,0.0,215.5618,59.4382,0.783861
760,missing_acceptance_criteria,0.586645,0.0,14.508658,9.629849,9.711283,0.081433,1,436.758164,0.585946,0.0,190.059618,50.940382,0.788629
761,missing_acceptance_criteria,0.55,0.0,0.0,9.711283,9.0,0.0,1,437.308164,0.585946,0.0,190.834618,51.165382,0.788573
762,missing_acceptance_criteria,0.55,0.0,13.815512,9.0,9.0,0.0,1,437.858164,0.583966,0.0,191.609618,51.390382,0.788517
763,dependency_heavy,0.55,0.0,0.0,9.22,9.0,0.0,1,438.408164,0.583966,0.0,216.3368,59.6632,0.783829
764,missing_acceptance_criteria,0.55,0.0,13.815512,9.0,9.0,0.0,1,438.958164,0.582421,0.0,192.384618,51.615382,0.788462
765,dependency_heavy,0.55,0.0,13.815512,9.0,9.0,0.0,1,439.508164,0.581217,0.0,217.1118,59.8882,0.783797
766,low_external_context,0.5995,0.0,13.815512,9.0,9.22,0.22,1,440.107664,0.582207,0.0,196.557414,54.442586,0.783097
767,low_external_context,0.62722,0.0,14.508658,9.22,9.3916,0.1716,1,440.734884,0.583751,0.0,197.371024,54.628976,0.783218
768,low_external_context,0.55,0.0,0.0,9.3916,9.0,0.0,1,441.284884,0.583751,0.0,198.146024,54.853976,0.783186
769,low_external_context,0.5995,0.0,13.815512,9.0,9.22,0.22,1,441.884384,0.584741,0.0,198.945774,55.054226,0.783251
770,dependency_heavy,0.55,0.0,13.815512,9.0,9.0,0.0,1,442.434384,0.583751,0.0,217.8868,60.1132,0.783765
771,missing_acceptance_criteria,0.55,0.0,13.815512,9.0,9.0,0.0,1,442.984384,0.581771,0.0,193.159618,51.840382,0.788407
772,dependency_heavy,0.55,0.0,13.815512,9.0,9.0,0.0,1,443.534384,0.581771,0.0,218.6618,60.3382,0.783734
773,low_external_context,0.55,0.0,0.0,9.22,9.0,0.0,1,444.084384,0.581771,0.0,199.720774,55.279226,0.783219
774,missing_acceptance_criteria,0.649,0.0,14.508658,9.0,9.22,0.22,1,444.733384,0.583751,0.0,193.984118,52.015882,0.788553
775,low_external_context,0.55,0.0,13.815512,9.0,9.0,0.0,1,445.283384,0.581771,0.0,200.495774,55.504226,0.783187
776,missing_acceptance_criteria,0.55,0.0,0.0,9.22,9.0,0.0,1,445.833384,0.579791,0.0,194.759118,52.240882,0.788498
777,missing_acceptance_criteria,0.55,0.0,13.815512,9.0,9.0,0.0,1,446.383384,0.579019,0.0,195.534118,52.465882,0.788444
778,dependency_heavy,0.55,0.0,13.815512,9.0,9.0,0.0,1,446.933384,0.579019,0.0,219.4368,60.5632,0.783703
779,low_external_context,0.55,0.0,13.815512,9.0,9.0,0.0,1,447.483384,0.579019,0.0,201.270774,55.729226,0.783155
780,missing_acceptance_criteria,0.55,0.0,13.815512,9.0,9.0,0.0,1,448.033384,0.579019,0.0,196.309118,52.690882,0.78839
781,missing_acceptance_criteria,0.5995,0.0,13.815512,9.0,9.22,0.22,1,448.632884,0.578029,0.0,197.108868,52.891132,0.788435
782,dependency_heavy,0.55,0.0,13.815512,9.0,9.0,0.0,1,449.182884,0.578029,0.0,220.2118,60.7882,0.783672
783,low_external_context,0.5995,0.0,13.815512,9.0,9.22,0.22,1,449.782384,0.578417,0.0,202.070524,55.929476,0.783219
784,low_external_context,0.62722,0.0,14.508658,9.22,9.3916,0.1716,1,450.409604,0.579961,0.0,202.884134,56.115866,0.783336
785,missing_acceptance_criteria,0.58861,0.0,13.815512,9.22,9.3916,0.1716,1,450.998214,0.578753,0.0,197.903173,53.096827,0.788459
786,missing_acceptance_criteria,0.610232,0.0,14.508658,9.3916,9.525448,0.133848,1,451.608446,0.579958,0.0,198.708288,53.291712,0.788525
787,missing_acceptance_criteria,0.55,0.0,0.0,9.525448,9.0,0.0,1,452.158446,0.579958,0.0,199.483288,53.516712,0.788471
788,dependency_heavy,0.55,0.0,13.815512,9.0,9.0,0.0,1,452.708446,0.579958,0.0,220.9868,61.0132,0.783641
789,low_external_context,0.55,0.0,0.0,9.3916,9.0,0.0,1,453.258446,0.578414,0.0,203.659134,56.340866,0.783304
790,missing_acceptance_criteria,0.649,0.0,14.508658,9.0,9.22,0.22,1,453.907446,0.578414,0.0,200.307788,53.692212,0.788613
791,dependency_heavy,0.55,0.0,13.815512,9.0,9.0,0.0,1,454.457446,0.577811,0.0,221.7618,61.2382,0.783611
792,missing_acceptance_criteria,0.55,0.0,0.0,9.22,9.0,0.0,1,455.007446,0.577811,0.0,201.082788,53.917212,0.78856
793,missing_acceptance_criteria,0.55,0.0,13.815512,9.0,9.0,0.0,1,455.557446,0.576872,0.0,201.857788,54.142212,0.788507
794,missing_acceptance_criteria,0.649,0.0,14.508658,9.0,9.22,0.22,1,456.206446,0.578852,0.0,202.682288,54.317712,0.788647
795,low_external_context,0.5995,0.0,13.815512,9.0,9.22,0.22,1,456.805946,0.578852,0.0,204.458884,56.541116,0.783367
796,missing_acceptance_criteria,0.55,0.0,0.0,9.22,9.0,0.0,1,457.355946,0.578852,0.0,203.457288,54.542712,0.788594
797,low_external_context,0.55,0.0,0.0,9.22,9.0,0.0,1,457.905946,0.578852,0.0,205.233884,56.766116,0.783335
798,missing_acceptance_criteria,0.55,0.0,13.815512,9.0,9.0,0.0,1,458.455946,0.577862,0.0,204.232288,54.767712,0.788542
799,dependency_heavy,0.649,0.0,14.508658,9.0,9.22,0.22,1,459.104946,0.578297,0.0,222.5863,61.4137,0.783755
800,low_external_context,0.5995,0.0,13.815512,9.0,9.22,0.22,1,459.704446,0.579287,0.0,206.033634,56.966366,0.783398
801,missing_acceptance_criteria,0.649,0.0,14.508658,9.0,9.22,0.22,1,460.353446,0.579287,0.0,205.056788,54.943212,0.78868
802,missing_acceptance_criteria,0.62722,0.0,14.508658,9.22,9.3916,0.1716,1,460.980666,0.580832,0.0,205.870398,55.129602,0.788775
803,low_external_context,0.55,0.0,0.0,9.22,9.0,0.0,1,461.530666,0.580832,0.0,206.808634,57.191366,0.783366
804,dependency_heavy,0.55,0.0,0.0,9.22,9.0,0.0,1,462.080666,0.578852,0.0,223.3613,61.6387,0.783724
805,low_external_context,0.649,0.0,14.508658,9.0,9.22,0.22,1,462.729666,0.580832,0.0,207.633134,57.366866,0.783521
806,low_external_context,0.58861,0.0,13.815512,9.22,9.3916,0.1716,1,463.318276,0.580059,0.0,208.427439,57.572561,0.783562
807,dependency_heavy,0.55,0.0,13.815512,9.0,9.0,0.0,1,463.868276,0.578855,0.0,224.1363,61.8637,0.783693
808,dependency_heavy,0.55,0.0,13.815512,9.0,9.0,0.0,1,464.418276,0.577915,0.0,224.9113,62.0887,0.783663
809,dependency_heavy,0.649,0.0,14.508658,9.0,9.22,0.22,1,465.067276,0.577915,0.0,225.7358,62.2642,0.783805
810,missing_acceptance_criteria,0.55,0.0,0.0,9.3916,9.0,0.0,1,465.617276,0.577182,0.0,206.645398,55.354602,0.788723
811,dependency_heavy,0.55,0.0,0.0,9.22,9.0,0.0,1,466.167276,0.577182,0.0,226.5108,62.4892,0.783774
812,missing_acceptance_criteria,0.55,0.0,13.815512,9.0,9.0,0.0,1,466.717276,0.577182,0.0,207.420398,55.579602,0.788671
813,missing_acceptance_criteria,0.55,0.0,13.815512,9.0,9.0,0.0,1,467.267276,0.577182,0.0,208.195398,55.804602,0.788619
814,dependency_heavy,0.55,0.0,13.815512,9.0,9.0,0.0,1,467.817276,0.577182,0.0,227.2858,62.7142,0.783744
815,missing_acceptance_criteria,0.649,0.0,14.508658,9.0,9.22,0.22,1,468.466276,0.579162,0.0,209.019898,55.980102,0.788754
816,missing_acceptance_criteria,0.55,0.0,0.0,9.22,9.0,0.0,1,469.016276,0.578172,0.0,209.794898,56.205102,0.788703
817,missing_acceptance_criteria,0.55,0.0,13.815512,9.0,9.0,0.0,1,469.566276,0.576628,0.0,210.569898,56.430102,0.788651
818,missing_acceptance_criteria,0.5995,0.0,13.815512,9.0,9.22,0.22,1,470.165776,0.577618,0.0,211.369648,56.630352,0.788693
819,dependency_heavy,0.55,0.0,13.815512,9.0,9.0,0.0,1,470.715776,0.576628,0.0,228.0608,62.9392,0.783714
820,dependency_heavy,0.55,0.0,13.815512,9.0,9.0,0.0,1,471.265776,0.576628,0.0,228.8358,63.1642,0.783684
821,dependency_heavy,0.55,0.0,13.815512,9.0,9.0,0.0,1,471.815776,0.576628,0.0,229.6108,63.3892,0.783655
822,low_external_context,0.580116,0.0,13.815512,9.3916,9.525448,0.133848,1,472.395892,0.57723,0.0,209.217497,57.782503,0.783586
823,dependency_heavy,0.649,0.0,14.508658,9.0,9.22,0.22,1,473.044892,0.57921,0.0,230.4353,63.5647,0.783794
824,low_external_context,0.57349,0.0,13.815512,9.525448,9.629849,0.104401,1,473.618382,0.5777,0.0,210.004242,57.995758,0.783598
825,missing_acceptance_criteria,0.62722,0.0,14.508658,9.22,9.3916,0.1716,1,474.245602,0.579244,0.0,212.183258,56.816742,0.788785
826,missing_acceptance_criteria,0.55,0.0,0.0,9.3916,9.0,0.0,1,474.795602,0.579244,0.0,212.958258,57.041742,0.788734
827,low_external_context,0.55,0.0,0.0,9.629849,9.0,0.0,1,475.345602,0.579244,0.0,210.779242,58.220758,0.783566
828,low_external_context,0.55,0.0,13.815512,9.0,9.0,0.0,1,475.895602,0.579244,0.0,211.554242,58.445758,0.783534
829,low_external_context,0.55,0.0,13.815512,9.0,9.0,0.0,1,476.445602,0.579244,0.0,212.329242,58.670758,0.783503
830,missing_acceptance_criteria,0.649,0.0,14.508658,9.0,9.22,0.22,1,477.094602,0.581224,0.0,213.782758,57.217242,0.788866
831,dependency_heavy,0.62722,0.0,14.508658,9.22,9.3916,0.1716,1,477.721822,0.581779,0.0,231.24891,63.75109,0.783895
832,missing_acceptance_criteria,0.55,0.0,0.0,9.22,9.0,0.0,1,478.271822,0.581779,0.0,214.557758,57.442242,0.788815
833,dependency_heavy,0.610232,0.0,14.508658,9.3916,9.525448,0.133848,1,478.882054,0.581993,0.0,232.054026,63.945974,0.783966
834,missing_acceptance_criteria,0.5995,0.0,13.815512,9.0,9.22,0.22,1,479.481554,0.581439,0.0,215.357508,57.642492,0.788855
835,low_external_context,0.5995,0.0,13.815512,9.0,9.22,0.22,1,480.081054,0.581657,0.0,213.128992,58.871008,0.783562
836,low_external_context,0.55,0.0,0.0,9.22,9.0,0.0,1,480.631054,0.580452,0.0,213.903992,59.096008,0.783531
837,low_external_context,0.649,0.0,14.508658,9.0,9.22,0.22,1,481.280054,0.582432,0.0,214.728492,59.271508,0.783681
838,missing_acceptance_criteria,0.55,0.0,0.0,9.22,9.0,0.0,1,481.830054,0.582432,0.0,216.132508,57.867492,0.788805
839,missing_acceptance_criteria,0.649,0.0,14.508658,9.0,9.22,0.22,1,482.479054,0.584412,0.0,216.957008,58.042992,0.788935
840,low_external_context,0.58861,0.0,13.815512,9.22,9.3916,0.1716,1,483.067664,0.583204,0.0,215.522797,59.477203,0.783719
841,dependency_heavy,0.55,0.0,0.0,9.525448,9.0,0.0,1,483.617664,0.583204,0.0,232.829026,64.170974,0.783936
842,low_external_context,0.55,0.0,0.0,9.3916,9.0,0.0,1,484.167664,0.583204,0.0,216.297797,59.702203,0.783688
843,missing_acceptance_criteria,0.55,0.0,0.0,9.22,9.0,0.0,1,484.717664,0.583204,0.0,217.732008,58.267992,0.788884
844,low_external_context,0.55,0.0,13.815512,9.0,9.0,0.0,1,485.267664,0.581224,0.0,217.072797,59.927203,0.783656
845,low_external_context,0.5995,0.0,13.815512,9.0,9.22,0.22,1,485.867164,0.581224,0.0,217.872547,60.127453,0.783714
846,dependency_heavy,0.55,0.0,13.815512,9.0,9.0,0.0,1,486.417164,0.581224,0.0,233.604026,64.395974,0.783906
847,dependency_heavy,0.55,0.0,13.815512,9.0,9.0,0.0,1,486.967164,0.581224,0.0,234.379026,64.620974,0.783876
848,low_external_context,0.58861,0.0,13.815512,9.22,9.3916,0.1716,1,487.555774,0.581997,0.0,218.666852,60.333148,0.783752
849,low_external_context,0.55,0.0,0.0,9.3916,9.0,0.0,1,488.105774,0.580017,0.0,219.441852,60.558148,0.783721
850,dependency_heavy,0.55,0.0,13.815512,9.0,9.0,0.0,1,488.655774,0.579027,0.0,235.154026,64.845974,0.783847
851,dependency_heavy,0.55,0.0,13.815512,9.0,9.0,0.0,1,489.205774,0.577047,0.0,235.929026,65.070974,0.783817
852,low_external_context,0.649,0.0,14.508658,9.0,9.22,0.22,1,489.854774,0.577482,0.0,220.266352,60.733648,0.783866
853,missing_acceptance_criteria,0.649,0.0,14.508658,9.0,9.22,0.22,1,490.503774,0.579462,0.0,218.556508,58.443492,0.789013
854,missing_acceptance_criteria,0.62722,0.0,14.508658,9.22,9.3916,0.1716,1,491.130994,0.581007,0.0,219.370118,58.629882,0.789101
855,low_external_context,0.55,0.0,0.0,9.22,9.0,0.0,1,491.680994,0.579027,0.0,221.041352,60.958648,0.783835
856,dependency_heavy,0.55,0.0,13.815512,9.0,9.0,0.0,1,492.230994,0.578254,0.0,236.704026,65.295974,0.783788
857,low_external_context,0.5995,0.0,13.815512,9.0,9.22,0.22,1,492.830494,0.579244,0.0,221.841102,61.158898,0.783891
858,dependency_heavy,0.649,0.0,14.508658,9.0,9.22,0.22,1,493.479494,0.581224,0.0,237.528526,65.471474,0.783923
859,low_external_context,0.55,0.0,0.0,9.22,9.0,0.0,1,494.029494,0.579244,0.0,222.616102,61.383898,0.78386
860,dependency_heavy,0.55,0.0,0.0,9.22,9.0,0.0,1,494.579494,0.579244,0.0,238.303526,65.696474,0.783893
861,low_external_context,0.5995,0.0,13.815512,9.0,9.22,0.22,1,495.178994,0.580234,0.0,223.415852,61.584148,0.783915
862,missing_acceptance_criteria,0.610232,0.0,14.508658,9.3916,9.525448,0.133848,1,495.789225,0.581439,0.0,220.175234,58.824766,0.789159
863,low_external_context,0.58861,0.0,13.815512,9.22,9.3916,0.1716,1,496.377835,0.582211,0.0,224.210157,61.789843,0.783952
864,missing_acceptance_criteria,0.55,0.0,0.0,9.525448,9.0,0.0,1,496.927835,0.582211,0.0,220.950234,59.049766,0.789108
865,dependency_heavy,0.55,0.0,13.815512,9.0,9.0,0.0,1,497.477835,0.580231,0.0,239.078526,65.921474,0.783864
866,missing_acceptance_criteria,0.649,0.0,14.508658,9.0,9.22,0.22,1,498.126835,0.582211,0.0,221.774734,59.225266,0.789234
867,missing_acceptance_criteria,0.62722,0.0,14.508658,9.22,9.3916,0.1716,1,498.754055,0.583756,0.0,222.588344,59.411656,0.78932
868,dependency_heavy,0.649,0.0,14.508658,9.0,9.22,0.22,1,499.403055,0.584746,0.0,239.903026,66.096974,0.783997
869,dependency_heavy,0.62722,0.0,14.508658,9.22,9.3916,0.1716,1,500.030275,0.58629,0.0,240.716636,66.283364,0.784093
870,dependency_heavy,0.55,0.0,0.0,9.3916,9.0,0.0,1,500.580275,0.58629,0.0,241.491636,66.508364,0.784064
871,missing_acceptance_criteria,0.610232,0.0,14.508658,9.3916,9.525448,0.133848,1,501.190507,0.587495,0.0,223.39346,59.60654,0.789376
872,dependency_heavy,0.55,0.0,13.815512,9.0,9.0,0.0,1,501.740507,0.586892,0.0,242.266636,66.733364,0.784034
873,low_external_context,0.580116,0.0,13.815512,9.3916,9.525448,0.133848,1,502.320623,0.585515,0.0,225.000215,61.999785,0.783973
874,dependency_heavy,0.55,0.0,13.815512,9.0,9.0,0.0,1,502.870623,0.585045,0.0,243.041636,66.958364,0.784005
875,missing_acceptance_criteria,0.596981,0.0,14.508658,9.525448,9.629849,0.104401,1,503.467603,0.58444,0.0,224.19195,59.80805,0.789408
876,missing_acceptance_criteria,0.586645,0.0,14.508658,9.629849,9.711283,0.081433,1,504.054248,0.585173,0.0,224.985273,60.014727,0.789422
877,low_external_context,0.55,0.0,0.0,9.525448,9.0,0.0,1,504.604248,0.585173,0.0,225.775215,62.224785,0.783942
878,missing_acceptance_criteria,0.55,0.0,0.0,9.711283,9.0,0.0,1,505.154248,0.585173,0.0,225.760273,60.239727,0.789372
879,dependency_heavy,0.649,0.0,14.508658,9.0,9.22,0.22,1,505.803248,0.587153,0.0,243.866136,67.133864,0.784135
880,missing_acceptance_criteria,0.55,0.0,13.815512,9.0,9.0,0.0,1,506.353248,0.585173,0.0,226.535273,60.464727,0.789322
881,missing_acceptance_criteria,0.5995,0.0,13.815512,9.0,9.22,0.22,1,506.952748,0.584619,0.0,227.335023,60.664977,0.789358
882,missing_acceptance_criteria,0.62722,0.0,14.508658,9.22,9.3916,0.1716,1,507.579968,0.586163,0.0,228.148633,60.851367,0.789442
883,missing_acceptance_criteria,0.610232,0.0,14.508658,9.3916,9.525448,0.133848,1,508.1902,0.586163,0.0,228.953749,61.046251,0.789496
884,low_external_context,0.55,0.0,13.815512,9.0,9.0,0.0,1,508.7402,0.585173,0.0,226.550215,62.449785,0.783911
885,low_external_context,0.649,0.0,14.508658,9.0,9.22,0.22,1,509.3892,0.586163,0.0,227.374715,62.625285,0.784051
886,dependency_heavy,0.55,0.0,0.0,9.22,9.0,0.0,1,509.9392,0.586163,0.0,244.641136,67.358864,0.784106
887,dependency_heavy,0.55,0.0,13.815512,9.0,9.0,0.0,1,510.4892,0.584183,0.0,245.416136,67.583864,0.784077
888,dependency_heavy,0.55,0.0,13.815512,9.0,9.0,0.0,1,511.0392,0.584183,0.0,246.191136,67.808864,0.784048
889,low_external_context,0.58861,0.0,13.815512,9.22,9.3916,0.1716,1,511.62781,0.582975,0.0,228.16902,62.83098,0.784086
890,low_external_context,0.580116,0.0,13.815512,9.3916,9.525448,0.133848,1,512.207926,0.582805,0.0,228.959078,63.040922,0.784106
891,missing_acceptance_criteria,0.55,0.0,0.0,9.525448,9.0,0.0,1,512.757926,0.582805,0.0,229.728749,61.271251,0.789446
892,missing_acceptance_criteria,0.5995,0.0,13.815512,9.0,9.22,0.22,1,513.357426,0.583795,0.0,230.528499,61.471501,0.789481
893,low_external_context,0.57349,0.0,13.815512,9.525448,9.629849,0.104401,1,513.930916,0.584265,0.0,229.745823,63.254177,0.784115
894,low_external_context,0.568322,0.0,13.815512,9.629849,9.711283,0.081433,1,514.499238,0.584631,0.0,230.529984,63.470016,0.784116
895,low_external_context,0.55,0.0,0.0,9.711283,9.0,0.0,1,515.049238,0.583641,0.0,231.304984,63.695016,0.784085
896,low_external_context,0.55,0.0,13.815512,9.0,9.0,0.0,1,515.599238,0.583641,0.0,232.079984,63.920016,0.784054
897,low_external_context,0.5995,0.0,13.815512,9.0,9.22,0.22,1,516.198738,0.584631,0.0,232.879734,64.120266,0.784107
898,low_external_context,0.55,0.0,0.0,9.22,9.0,0.0,1,516.748738,0.583859,0.0,233.654734,64.345266,0.784076
899,missing_acceptance_criteria,0.62722,0.0,14.508658,9.22,9.3916,0.1716,1,517.375958,0.585404,0.0,231.342109,61.657891,0.789564
900,low_external_context,0.55,0.0,13.815512,9.0,9.0,0.0,1,517.925958,0.585404,0.0,234.429734,64.570266,0.784046
901,dependency_heavy,0.55,0.0,13.815512,9.0,9.0,0.0,1,518.475958,0.585404,0.0,246.966136,68.033864,0.784019
902,missing_acceptance_criteria,0.55,0.0,0.0,9.3916,9.0,0.0,1,519.025958,0.583424,0.0,232.117109,61.882891,0.789514
903,dependency_heavy,0.55,0.0,13.815512,9.0,9.0,0.0,1,519.575958,0.581444,0.0,247.741136,68.258864,0.783991
904,missing_acceptance_criteria,0.649,0.0,14.508658,9.0,9.22,0.22,1,520.224958,0.581879,0.0,232.941609,62.058391,0.789633
905,missing_acceptance_criteria,0.55,0.0,0.0,9.22,9.0,0.0,1,520.774958,0.581879,0.0,233.716609,62.283391,0.789583
906,low_external_context,0.649,0.0,14.508658,9.0,9.22,0.22,1,521.423958,0.583859,0.0,235.254234,64.745766,0.784181
907,dependency_heavy,0.649,0.0,14.508658,9.0,9.22,0.22,1,522.072958,0.584849,0.0,248.565636,68.434364,0.784119
908,low_external_context,0.55,0.0,0.0,9.22,9.0,0.0,1,522.622958,0.582869,0.0,236.029234,64.970766,0.78415
909,missing_acceptance_criteria,0.649,0.0,14.508658,9.0,9.22,0.22,1,523.271958,0.584849,0.0,234.541109,62.458891,0.789701
910,dependency_heavy,0.62722,0.0,14.508658,9.22,9.3916,0.1716,1,523.899178,0.586394,0.0,249.379246,68.620754,0.784211
911,missing_acceptance_criteria,0.62722,0.0,14.508658,9.22,9.3916,0.1716,1,524.526398,0.586948,0.0,235.354719,62.645281,0.789781
912,low_external_context,0.5995,0.0,13.815512,9.0,9.22,0.22,1,525.125898,0.586733,0.0,236.828984,65.171016,0.784202
913,missing_acceptance_criteria,0.55,0.0,0.0,9.3916,9.0,0.0,1,525.675898,0.585961,0.0,236.129719,62.870281,0.789732
914,missing_acceptance_criteria,0.649,0.0,14.508658,9.0,9.22,0.22,1,526.324898,0.587941,0.0,236.954219,63.045781,0.789847
915,dependency_heavy,0.610232,0.0,14.508658,9.3916,9.525448,0.133848,1,526.93513,0.589146,0.0,250.184362,68.815638,0.784277
916,low_external_context,0.58861,0.0,13.815512,9.22,9.3916,0.1716,1,527.52374,0.587938,0.0,237.623289,65.376711,0.784235
917,low_external_context,0.55,0.0,0.0,9.3916,9.0,0.0,1,528.07374,0.586394,0.0,238.398289,65.601711,0.784205
918,missing_acceptance_criteria,0.62722,0.0,14.508658,9.22,9.3916,0.1716,1,528.70096,0.585958,0.0,237.767829,63.232171,0.789926
919,missing_acceptance_criteria,0.580116,0.0,13.815512,9.3916,9.525448,0.133848,1,529.281076,0.585016,0.0,238.557886,63.442114,0.789927
920,missing_acceptance_criteria,0.55,0.0,0.0,9.525448,9.0,0.0,1,529.831076,0.585016,0.0,239.332886,63.667114,0.789878
921,missing_acceptance_criteria,0.649,0.0,14.508658,9.0,9.22,0.22,1,530.480076,0.585791,0.0,240.157386,63.842614,0.789991
922,missing_acceptance_criteria,0.62722,0.0,14.508658,9.22,9.3916,0.1716,1,531.107296,0.587336,0.0,240.970996,64.029004,0.790069
923,low_external_context,0.55,0.0,13.815512,9.0,9.0,0.0,1,531.657296,0.586733,0.0,239.173289,65.826711,0.784175
924,missing_acceptance_criteria,0.610232,0.0,14.508658,9.3916,9.525448,0.133848,1,532.267527,0.587938,0.0,241.776112,64.223888,0.790118
925,missing_acceptance_criteria,0.596981,0.0,14.508658,9.525448,9.629849,0.104401,1,532.864508,0.587938,0.0,242.574603,64.425397,0.790145
926,missing_acceptance_criteria,0.586645,0.0,14.508658,9.629849,9.711283,0.081433,1,533.451153,0.587938,0.0,243.367925,64.632075,0.790156
927,missing_acceptance_criteria,0.55,0.0,0.0,9.711283,9.0,0.0,1,534.001153,0.587938,0.0,244.142925,64.857075,0.790107
928,missing_acceptance_criteria,0.649,0.0,14.508658,9.0,9.22,0.22,1,534.650153,0.589918,0.0,244.967425,65.032575,0.790218
929,missing_acceptance_criteria,0.58861,0.0,14.914123,9.22,9.3916,0.1716,1,535.238763,0.58871,0.0,245.76173,65.23827,0.790231
930,dependency_heavy,0.55,0.0,0.0,9.525448,9.0,0.0,1,535.788763,0.58871,0.0,250.959362,69.040638,0.784248
931,dependency_heavy,0.55,0.0,13.815512,9.0,9.0,0.0,1,536.338763,0.58772,0.0,251.734362,69.265638,0.784219
932,low_external_context,0.55,0.0,13.815512,9.0,9.0,0.0,1,536.888763,0.586176,0.0,239.948289,66.051711,0.784145
933,low_external_context,0.5995,0.0,13.815512,9.0,9.22,0.22,1,537.488263,0.585961,0.0,240.748039,66.251961,0.784196
934,low_external_context,0.55,0.0,0.0,9.22,9.0,0.0,1,538.038263,0.585961,0.0,241.523039,66.476961,0.784166
935,missing_acceptance_criteria,0.610232,0.0,14.508658,9.3916,9.525448,0.133848,1,538.648495,0.585186,0.0,246.566846,65.433154,0.790278
936,low_external_context,0.55,0.0,13.815512,9.0,9.0,0.0,1,539.198495,0.585186,0.0,242.298039,66.701961,0.784136
937,low_external_context,0.55,0.0,13.815512,9.0,9.0,0.0,1,539.748495,0.585186,0.0,243.073039,66.926961,0.784107
938,dependency_heavy,0.55,0.0,13.815512,9.0,9.0,0.0,1,540.298495,0.585186,0.0,252.509362,69.490638,0.784191
939,dependency_heavy,0.55,0.0,13.815512,9.0,9.0,0.0,1,540.848495,0.584414,0.0,253.284362,69.715638,0.784162
940,low_external_context,0.649,0.0,14.508658,9.0,9.22,0.22,1,541.497495,0.585791,0.0,243.897539,67.102461,0.784236
941,low_external_context,0.62722,0.0,14.508658,9.22,9.3916,0.1716,1,542.124715,0.587336,0.0,244.711149,67.288851,0.784331
942,missing_acceptance_criteria,0.596981,0.0,14.508658,9.525448,9.629849,0.104401,1,542.721695,0.587285,0.0,247.365336,65.634664,0.790305
943,missing_acceptance_criteria,0.568322,0.0,14.914123,9.629849,9.711283,0.081433,1,543.290018,0.587182,0.0,248.149497,65.850503,0.790285
944,low_external_context,0.610232,0.0,14.508658,9.3916,9.525448,0.133848,1,543.900249,0.58802,0.0,245.516265,67.483735,0.784397
945,missing_acceptance_criteria,0.564292,0.0,13.815512,9.711283,9.7748,0.063518,1,544.464541,0.588306,0.0,248.931643,66.068357,0.790259
946,low_external_context,0.55,0.0,0.0,9.525448,9.0,0.0,1,545.014541,0.588306,0.0,246.291265,67.708735,0.784367
947,missing_acceptance_criteria,0.561147,0.0,13.815512,9.7748,9.824344,0.049544,1,545.575688,0.587539,0.0,249.712217,66.287783,0.790229
948,missing_acceptance_criteria,0.56739,0.0,14.508658,9.824344,9.862989,0.038644,1,546.143078,0.587887,0.0,250.495912,66.504088,0.790208
949,low_external_context,0.55,0.0,13.815512,9.0,9.0,0.0,1,546.693078,0.586342,0.0,247.066265,67.933735,0.784337
950,missing_acceptance_criteria,0.563564,0.0,14.508658,9.862989,9.893131,0.030143,1,547.256642,0.586614,0.0,251.277694,66.722306,0.790181
951,dependency_heavy,0.649,0.0,14.508658,9.0,9.22,0.22,1,547.905642,0.588594,0.0,254.108862,69.891138,0.784287
952,missing_acceptance_criteria,0.55,0.0,0.0,9.893131,9.0,0.0,1,548.455642,0.588594,0.0,252.052694,66.947306,0.790134
953,dependency_heavy,0.55,0.0,0.0,9.22,9.0,0.0,1,549.005642,0.588594,0.0,254.883862,70.116138,0.784258
954,low_external_context,0.649,0.0,14.508658,9.0,9.22,0.22,1,549.654642,0.588594,0.0,247.890765,68.109235,0.784464
955,dependency_heavy,0.55,0.0,13.815512,9.0,9.0,0.0,1,550.204642,0.588594,0.0,255.658862,70.341138,0.78423
956,dependency_heavy,0.55,0.0,13.815512,9.0,9.0,0.0,1,550.754642,0.586614,0.0,256.433862,70.566138,0.784201
957,low_external_context,0.62722,0.0,14.508658,9.22,9.3916,0.1716,1,551.381862,0.586178,0.0,248.704375,68.295625,0.784556
958,missing_acceptance_criteria,0.649,0.0,14.508658,9.0,9.22,0.22,1,552.030862,0.588158,0.0,252.877194,67.122806,0.790241
959,low_external_context,0.580116,0.0,13.815512,9.3916,9.525448,0.133848,1,552.610978,0.58678,0.0,249.494433,68.505567,0.784574
960,missing_acceptance_criteria,0.62722,0.0,14.508658,9.22,9.3916,0.1716,1,553.238198,0.58678,0.0,253.690804,67.309196,0.790314
961,low_external_context,0.57349,0.0,13.815512,9.525448,9.629849,0.104401,1,553.811688,0.585706,0.0,250.281178,68.718822,0.78458
962,low_external_context,0.568322,0.0,13.815512,9.629849,9.711283,0.081433,1,554.380011,0.585082,0.0,251.06534,68.93466,0.784579
963,missing_acceptance_criteria,0.610232,0.0,14.508658,9.3916,9.525448,0.133848,1,554.990242,0.586287,0.0,254.49592,67.50408,0.79036
964,low_external_context,0.578583,0.0,14.508658,9.711283,9.7748,0.063518,1,555.568825,0.584879,0.0,251.854631,69.145369,0.784594
965,missing_acceptance_criteria,0.55,0.0,0.0,9.525448,9.0,0.0,1,556.118825,0.583674,0.0,255.27092,67.72908,0.790312
966,dependency_heavy,0.55,0.0,13.815512,9.0,9.0,0.0,1,556.668825,0.582902,0.0,257.208862,70.791138,0.784173
967,missing_acceptance_criteria,0.649,0.0,14.508658,9.0,9.22,0.22,1,557.317825,0.584882,0.0,256.09542,67.90458,0.790418
968,dependency_heavy,0.55,0.0,13.815512,9.0,9.0,0.0,1,557.867825,0.583337,0.0,257.983862,71.016138,0.784145
969,dependency_heavy,0.55,0.0,13.815512,9.0,9.0,0.0,1,558.417825,0.582735,0.0,258.758862,71.241138,0.784118
970,missing_acceptance_criteria,0.55,0.0,0.0,9.22,9.0,0.0,1,558.967825,0.582735,0.0,256.87042,68.12958,0.790371
971,dependency_heavy,0.649,0.0,14.508658,9.0,9.22,0.22,1,559.616825,0.582735,0.0,259.583362,71.416638,0.78424
972,missing_acceptance_criteria,0.55,0.0,13.815512,9.0,9.0,0.0,1,560.166825,0.581191,0.0,257.64542,68.35458,0.790323
973,low_external_context,0.561147,0.0,13.815512,9.7748,9.824344,0.049544,1,560.727973,0.581414,0.0,252.635205,69.364795,0.784581
974,missing_acceptance_criteria,0.649,0.0,14.508658,9.0,9.22,0.22,1,561.376973,0.582189,0.0,258.46992,68.53008,0.790428
975,missing_acceptance_criteria,0.58861,0.0,13.815512,9.22,9.3916,0.1716,1,561.965583,0.582021,0.0,259.264225,68.735775,0.79044
976,dependency_heavy,0.55,0.0,0.0,9.22,9.0,0.0,1,562.515583,0.581289,0.0,260.358362,71.641638,0.784212
977,missing_acceptance_criteria,0.55,0.0,0.0,9.3916,9.0,0.0,1,563.065583,0.581289,0.0,260.039225,68.960775,0.790393
978,low_external_context,0.56739,0.0,14.508658,9.824344,9.862989,0.038644,1,563.632973,0.579656,0.0,253.4189,69.5811,0.784579
979,low_external_context,0.55,0.0,0.0,9.862989,9.0,0.0,1,564.182973,0.578884,0.0,254.1939,69.8061,0.784549
980,missing_acceptance_criteria,0.55,0.0,13.815512,9.0,9.0,0.0,1,564.732973,0.578884,0.0,260.814225,69.185775,0.790346
981,low_external_context,0.649,0.0,14.508658,9.0,9.22,0.22,1,565.381973,0.580864,0.0,255.0184,69.9816,0.784672
982,dependency_heavy,0.55,0.0,13.815512,9.0,9.0,0.0,1,565.931973,0.580864,0.0,261.133362,71.866638,0.784184
983,low_external_context,0.55,0.0,0.0,9.22,9.0,0.0,1,566.481973,0.579874,0.0,255.7934,70.2066,0.784642
984,missing_acceptance_criteria,0.649,0.0,14.508658,9.0,9.22,0.22,1,567.130973,0.581854,0.0,261.638725,69.361275,0.790449
985,dependency_heavy,0.55,0.0,13.815512,9.0,9.0,0.0,1,567.680973,0.58065,0.0,261.908362,72.091638,0.784157
986,low_external_context,0.5995,0.0,13.815512,9.0,9.22,0.22,1,568.280473,0.58164,0.0,256.59315,70.40685,0.784689
987,missing_acceptance_criteria,0.55,0.0,0.0,9.22,9.0,0.0,1,568.830473,0.58164,0.0,262.413725,69.586275,0.790403
988,dependency_heavy,0.55,0.0,13.815512,9.0,9.0,0.0,1,569.380473,0.58164,0.0,262.683362,72.316638,0.784129
989,low_external_context,0.62722,0.0,14.508658,9.22,9.3916,0.1716,1,570.007693,0.583184,0.0,257.40676,70.59324,0.784777
990,missing_acceptance_criteria,0.55,0.0,14.508658,9.0,9.0,0.0,1,570.557693,0.581204,0.0,263.188725,69.811275,0.790357
991,dependency_heavy,0.55,0.0,13.815512,9.0,9.0,0.0,1,571.107693,0.57966,0.0,263.458362,72.541638,0.784102
992,missing_acceptance_criteria,0.649,0.0,14.508658,9.0,9.22,0.22,1,571.756693,0.5807,0.0,264.013225,69.986775,0.790459
993,dependency_heavy,0.649,0.0,14.508658,9.0,9.22,0.22,1,572.405693,0.582314,0.0,264.282862,72.717138,0.784222
994,low_external_context,0.55,0.0,0.0,9.3916,9.0,0.0,1,572.955693,0.581109,0.0,258.18176,70.81824,0.784747
995,dependency_heavy,0.55,0.0,0.0,9.22,9.0,0.0,1,573.505693,0.580823,0.0,265.057862,72.942138,0.784195
996,low_external_context,0.55,0.0,13.815512,9.0,9.0,0.0,1,574.055693,0.580823,0.0,258.95676,71.04324,0.784717
997,missing_acceptance_criteria,0.58861,0.0,14.914123,9.22,9.3916,0.1716,1,574.644303,0.581372,0.0,264.80753,70.19247,0.79047
998,low_external_context,0.5995,0.0,13.815512,9.0,9.22,0.22,1,575.243803,0.582014,0.0,259.75651,71.24349,0.784763
999,dependency_heavy,0.649,0.0,14.508658,9.0,9.22,0.22,1,575.892803,0.583994,0.0,265.882362,73.117638,0.784314
1000,low_external_context,0.55,0.0,0.0,9.22,9.0,0.0,1,576.442803,0.583723,0.0,260.53151,71.46849,0.784733
